,ABZLGW,,ABZ,LGW
,ABZLTN,,ABZ,LTN
,ACELGW,,ACE,LGW
,ACELPL,,ACE,LPL
,ADBLGW,,ADB,LGW
,AGACDG,,AGA,CDG
,AGALGW,,AGA,LGW
,AGALYS,,AGA,LYS
,AGASXF,,AGA,SXF
,AGPBFS,,AGP,BFS
,AGPBRS,,AGP,BRS
,AGPBSL,,AGP,BSL
,AGPCDG,,AGP,CDG
,AGPGLA,,AGP,GLA
,AGPGVA,,AGP,GVA
,AGPLGW,,AGP,LGW
,AGPLPL,,AGP,LPL
,AGPLTN,,AGP,LTN
,AGPMAN,,AGP,MAN
,AGPMXP,,AGP,MXP
,AGPNCL,,AGP,NCL
,AGPSEN,,AGP,SEN
,AGPSTN,,AGP,STN
,AGPSXF,,AGP,SXF
,AHOMXP,,AHO,MXP
,AJABSL,,AJA,BSL
,AJACDG,,AJA,CDG
,AJAGVA,,AJA,GVA
,AJALYS,,AJA,LYS
,ALCBFS,,ALC,BFS
,ALCBRS,,ALC,BRS
,ALCBSL,,ALC,BSL
,ALCEDI,,ALC,EDI
,ALCGLA,,ALC,GLA
,ALCGVA,,ALC,GVA
,ALCLGW,,ALC,LGW
,ALCLPL,,ALC,LPL
,ALCLTN,,ALC,LTN
,ALCMAN,,ALC,MAN
,ALCNCL,,ALC,NCL
,ALCSEN,,ALC,SEN
,ALCSTN,,ALC,STN
,AMMLGW,,AMM,LGW
,AMSBCN,,AMS,BCN
,AMSBFS,,AMS,BFS
,AMSBRS,,AMS,BRS
,AMSBSL,,AMS,BSL
,AMSEDI,,AMS,EDI
,AMSFCO,,AMS,FCO
,AMSGLA,,AMS,GLA
,AMSGVA,,AMS,GVA
,AMSLGW,,AMS,LGW
,AMSLIS,,AMS,LIS
,AMSLPL,,AMS,LPL
,AMSLTN,,AMS,LTN
,AMSMAD,,AMS,MAD
,AMSMAN,,AMS,MAN
,AMSMXP,,AMS,MXP
,AMSPRG,,AMS,PRG
,AMSSEN,,AMS,SEN
,AMSSTN,,AMS,STN
,AMSSXF,,AMS,SXF
,ARNGVA,,ARN,GVA
,ATHEDI,,ATH,EDI
,ATHFCO,,ATH,FCO
,ATHGVA,,ATH,GVA
,ATHLGW,,ATH,LGW
,ATHMAN,,ATH,MAN
,ATHMXP,,ATH,MXP
,ATHORY,,ATH,ORY
,ATHSXF,,ATH,SXF
,AYTLGW,,AYT,LGW
,BCNAMS,,BCN,AMS
,BCNBFS,,BCN,BFS
,BCNBRS,,BCN,BRS
,BCNBSL,,BCN,BSL
,BCNCDG,,BCN,CDG
,BCNDTM,,BCN,DTM
,BCNGVA,,BCN,GVA
,BCNLGW,,BCN,LGW
,BCNLIS,,BCN,LIS
,BCNLPL,,BCN,LPL
,BCNLTN,,BCN,LTN
,BCNLYS,,BCN,LYS
,BCNMXP,,BCN,MXP
,BCNNCE,,BCN,NCE
,BCNNCL,,BCN,NCL
,BCNSEN,,BCN,SEN
,BCNSTN,,BCN,STN
,BCNSXF,,BCN,SXF
,BDSGVA,,BDS,GVA
,BDSMXP,,BDS,MXP
,BESLYS,,BES,LYS
,BFSAGP,,BFS,AGP
,BFSALC,,BFS,ALC
,BFSAMS,,BFS,AMS
,BFSBCN,,BFS,BCN
,BFSBRS,,BFS,BRS
,BFSCDG,,BFS,CDG
,BFSEDI,,BFS,EDI
,BFSFAO,,BFS,FAO
,BFSGLA,,BFS,GLA
,BFSKRK,,BFS,KRK
,BFSLGW,,BFS,LGW
,BFSLPL,,BFS,LPL
,BFSLTN,,BFS,LTN
,BFSMAN,,BFS,MAN
,BFSMLA,,BFS,MLA
,BFSNCL,,BFS,NCL
,BFSPMI,,BFS,PMI
,BFSSEN,,BFS,SEN
,BFSSTN,,BFS,STN
,BIACDG,,BIA,CDG
,BIAGVA,,BIA,GVA
,BIALYS,,BIA,LYS
,BIOFCO,,BIO,FCO
,BIOGVA,,BIO,GVA
,BIOMAD,,BIO,MAD
,BIOMAN,,BIO,MAN
,BIOSTN,,BIO,STN
,BIQCDG,,BIQ,CDG
,BJVBRS,,BJV,BRS
,BJVLGW,,BJV,LGW
,BJVLPL,,BJV,LPL
,BJVSTN,,BJV,STN
,BLQCDG,,BLQ,CDG
,BLQLGW,,BLQ,LGW
,BODBRS,,BOD,BRS
,BODBSL,,BOD,BSL
,BODGVA,,BOD,GVA
,BODLGW,,BOD,LGW
,BODLIS,,BOD,LIS
,BODLTN,,BOD,LTN
,BODLYS,,BOD,LYS
,BODMAD,,BOD,MAD
,BODMXP,,BOD,MXP
,BODNCE,,BOD,NCE
,BRILGW,,BRI,LGW
,BRIMXP,,BRI,MXP
,BRSAGP,,BRS,AGP
,BRSALC,,BRS,ALC
,BRSAMS,,BRS,AMS
,BRSBCN,,BRS,BCN
,BRSBFS,,BRS,BFS
,BRSBJV,,BRS,BJV
,BRSBOD,,BRS,BOD
,BRSCDG,,BRS,CDG
,BRSCFU,,BRS,CFU
,BRSCPH,,BRS,CPH
,BRSDLM,,BRS,DLM
,BRSEDI,,BRS,EDI
,BRSFAO,,BRS,FAO
,BRSFCO,,BRS,FCO
,BRSFNC,,BRS,FNC
,BRSFUE,,BRS,FUE
,BRSGLA,,BRS,GLA
,BRSGVA,,BRS,GVA
,BRSHER,,BRS,HER
,BRSINV,,BRS,INV
,BRSKRK,,BRS,KRK
,BRSLIS,,BRS,LIS
,BRSMAD,,BRS,MAD
,BRSMJV,,BRS,MJV
,BRSNAP,,BRS,NAP
,BRSNCE,,BRS,NCE
,BRSNCL,,BRS,NCL
,BRSPFO,,BRS,PFO
,BRSPMI,,BRS,PMI
,BRSPRG,,BRS,PRG
,BRSPSA,,BRS,PSA
,BRSSXF,,BRS,SXF
,BRSTFS,,BRS,TFS
,BRSTLS,,BRS,TLS
,BRUGVA,,BRU,GVA
,BRULPL,,BRU,LPL
,BRULYS,,BRU,LYS
,BRUMXP,,BRU,MXP
,BRUNCE,,BRU,NCE
,BRUSXF,,BRU,SXF
,BRUTLS,,BRU,TLS
,BSLAGP,,BSL,AGP
,BSLAJA,,BSL,AJA
,BSLALC,,BSL,ALC
,BSLAMS,,BSL,AMS
,BSLBCN,,BSL,BCN
,BSLBOD,,BSL,BOD
,BSLCAG,,BSL,CAG
,BSLCPH,,BSL,CPH
,BSLDRS,,BSL,DRS
,BSLDUS,,BSL,DUS
,BSLEDI,,BSL,EDI
,BSLFCO,,BSL,FCO
,BSLFUE,,BSL,FUE
,BSLHAM,,BSL,HAM
,BSLLGW,,BSL,LGW
,BSLLIS,,BSL,LIS
,BSLLPA,,BSL,LPA
,BSLMAD,,BSL,MAD
,BSLMAN,,BSL,MAN
,BSLNAP,,BSL,NAP
,BSLNCE,,BSL,NCE
,BSLNTE,,BSL,NTE
,BSLOLB,,BSL,OLB
,BSLOPO,,BSL,OPO
,BSLPMI,,BSL,PMI
,BSLPRN,,BSL,PRN
,BSLRAK,,BSL,RAK
,BSLSAW,,BSL,SAW
,BSLSKG,,BSL,SKG
,BSLSXF,,BSL,SXF
,BSLTFS,,BSL,TFS
,BSLTLS,,BSL,TLS
,BSLTLV,,BSL,TLV
,BSLVCE,,BSL,VCE
,BUDCDG,,BUD,CDG
,BUDDTM,,BUD,DTM
,BUDGVA,,BUD,GVA
,BUDLGW,,BUD,LGW
,BUDLTN,,BUD,LTN
,BUDSXF,,BUD,SXF
,CAGBSL,,CAG,BSL
,CAGGVA,,CAG,GVA
,CAGMXP,,CAG,MXP
,CAGSTN,,CAG,STN
,CAGSXF,,CAG,SXF
,CDGAGA,,CDG,AGA
,CDGAGP,,CDG,AGP
,CDGAJA,,CDG,AJA
,CDGBCN,,CDG,BCN
,CDGBFS,,CDG,BFS
,CDGBIA,,CDG,BIA
,CDGBIQ,,CDG,BIQ
,CDGBLQ,,CDG,BLQ
,CDGBRS,,CDG,BRS
,CDGBUD,,CDG,BUD
,CDGCMN,,CDG,CMN
,CDGCPH,,CDG,CPH
,CDGCTA,,CDG,CTA
,CDGEDI,,CDG,EDI
,CDGFEZ,,CDG,FEZ
,CDGGLA,,CDG,GLA
,CDGKRK,,CDG,KRK
,CDGLIS,,CDG,LIS
,CDGLPL,,CDG,LPL
,CDGLTN,,CDG,LTN
,CDGMAD,,CDG,MAD
,CDGMXP,,CDG,MXP
,CDGNCE,,CDG,NCE
,CDGNCL,,CDG,NCL
,CDGOPO,,CDG,OPO
,CDGPRG,,CDG,PRG
,CDGRAK,,CDG,RAK
,CDGTLS,,CDG,TLS
,CDGTNG,,CDG,TNG
,CDGVCE,,CDG,VCE
,CDGVRN,,CDG,VRN
,CFUBRS,,CFU,BRS
,CFULGW,,CFU,LGW
,CFULTN,,CFU,LTN
,CFUMAN,,CFU,MAN
,CGNLGW,,CGN,LGW
,CHQLGW,,CHQ,LGW
,CMNCDG,,CMN,CDG
,CMNLYS,,CMN,LYS
,CMNMXP,,CMN,MXP
,CPHBRS,,CPH,BRS
,CPHBSL,,CPH,BSL
,CPHCDG,,CPH,CDG
,CPHGVA,,CPH,GVA
,CPHLGW,,CPH,LGW
,CPHLIS,,CPH,LIS
,CPHMAD,,CPH,MAD
,CPHMAN,,CPH,MAN
,CPHMXP,,CPH,MXP
,CPHSTN,,CPH,STN
,CPHSXF,,CPH,SXF
,CTACDG,,CTA,CDG
,CTAGVA,,CTA,GVA
,CTALGW,,CTA,LGW
,CTAMXP,,CTA,MXP
,DBVGVA,,DBV,GVA
,DBVLGW,,DBV,LGW
,DBVSTN,,DBV,STN
,DLMBRS,,DLM,BRS
,DLMEDI,,DLM,EDI
,DLMLGW,,DLM,LGW
,DLMMAN,,DLM,MAN
,DLMSTN,,DLM,STN
,DRSBSL,,DRS,BSL
,DTMBCN,,DTM,BCN
,DTMBUD,,DTM,BUD
,DTMLTN,,DTM,LTN
,DTMPMI,,DTM,PMI
,DTMSKG,,DTM,SKG
,DUSBSL,,DUS,BSL
,DUSFCO,,DUS,FCO
,DUSLGW,,DUS,LGW
,EDIALC,,EDI,ALC
,EDIAMS,,EDI,AMS
,EDIATH,,EDI,ATH
,EDIBFS,,EDI,BFS
,EDIBRS,,EDI,BRS
,EDIBSL,,EDI,BSL
,EDICDG,,EDI,CDG
,EDIDLM,,EDI,DLM
,EDIGVA,,EDI,GVA
,EDIKRK,,EDI,KRK
,EDILGW,,EDI,LGW
,EDILIS,,EDI,LIS
,EDILTN,,EDI,LTN
,EDILYS,,EDI,LYS
,EDIMAD,,EDI,MAD
,EDIMUC,,EDI,MUC
,EDIMXP,,EDI,MXP
,EDINAP,,EDI,NAP
,EDINCE,,EDI,NCE
,EDIPFO,,EDI,PFO
,EDIPMI,,EDI,PMI
,EDISTN,,EDI,STN
,EDITFS,,EDI,TFS
,EFLLGW,,EFL,LGW
,FAOBFS,,FAO,BFS
,FAOBRS,,FAO,BRS
,FAOGLA,,FAO,GLA
,FAOGVA,,FAO,GVA
,FAOLGW,,FAO,LGW
,FAOLPL,,FAO,LPL
,FAOLTN,,FAO,LTN
,FAONCL,,FAO,NCL
,FAOORY,,FAO,ORY
,FAOSEN,,FAO,SEN
,FCOAMS,,FCO,AMS
,FCOATH,,FCO,ATH
,FCOBIO,,FCO,BIO
,FCOBRS,,FCO,BRS
,FCOBSL,,FCO,BSL
,FCODUS,,FCO,DUS
,FCOGVA,,FCO,GVA
,FCOLGW,,FCO,LGW
,FCOLIS,,FCO,LIS
,FCOLYS,,FCO,LYS
,FCOMAD,,FCO,MAD
,FCOMXP,,FCO,MXP
,FCONCE,,FCO,NCE
,FCOORY,,FCO,ORY
,FCOPMO,,FCO,PMO
,FCOSXF,,FCO,SXF
,FCOTLS,,FCO,TLS
,FCOVCE,,FCO,VCE
,FEZCDG,,FEZ,CDG
,FNCBRS,,FNC,BRS
,FNCLGW,,FNC,LGW
,FNCLIS,,FNC,LIS
,FUEBRS,,FUE,BRS
,FUEBSL,,FUE,BSL
,FUELGW,,FUE,LGW
,FUELPL,,FUE,LPL
,GIBLGW,,GIB,LGW
,GIBLPL,,GIB,LPL
,GLAAGP,,GLA,AGP
,GLAALC,,GLA,ALC
,GLAAMS,,GLA,AMS
,GLABFS,,GLA,BFS
,GLABRS,,GLA,BRS
,GLACDG,,GLA,CDG
,GLAFAO,,GLA,FAO
,GLAJER,,GLA,JER
,GLALGW,,GLA,LGW
,GLALTN,,GLA,LTN
,GLAPMI,,GLA,PMI
,GLASTN,,GLA,STN
,GLASXF,,GLA,SXF
,GVAAGP,,GVA,AGP
,GVAAJA,,GVA,AJA
,GVAALC,,GVA,ALC
,GVAAMS,,GVA,AMS
,GVAARN,,GVA,ARN
,GVAATH,,GVA,ATH
,GVABCN,,GVA,BCN
,GVABDS,,GVA,BDS
,GVABIA,,GVA,BIA
,GVABIO,,GVA,BIO
,GVABOD,,GVA,BOD
,GVABRS,,GVA,BRS
,GVABRU,,GVA,BRU
,GVABUD,,GVA,BUD
,GVACAG,,GVA,CAG
,GVACPH,,GVA,CPH
,GVACTA,,GVA,CTA
,GVADBV,,GVA,DBV
,GVAEDI,,GVA,EDI
,GVAFAO,,GVA,FAO
,GVAFCO,,GVA,FCO
,GVAHER,,GVA,HER
,GVAHRG,,GVA,HRG
,GVAIBZ,,GVA,IBZ
,GVALGW,,GVA,LGW
,GVALIS,,GVA,LIS
,GVALPL,,GVA,LPL
,GVALTN,,GVA,LTN
,GVAMAD,,GVA,MAD
,GVAMAN,,GVA,MAN
,GVANAP,,GVA,NAP
,GVANCE,,GVA,NCE
,GVANTE,,GVA,NTE
,GVAOLB,,GVA,OLB
,GVAOPO,,GVA,OPO
,GVAORY,,GVA,ORY
,GVAOVD,,GVA,OVD
,GVAPMI,,GVA,PMI
,GVAPRN,,GVA,PRN
,GVARAK,,GVA,RAK
,GVASCQ,,GVA,SCQ
,GVASPU,,GVA,SPU
,GVASSH,,GVA,SSH
,GVASXF,,GVA,SXF
,GVATLS,,GVA,TLS
,GVATLV,,GVA,TLV
,GVAVCE,,GVA,VCE
,HAMBSL,,HAM,BSL
,HAMLGW,,HAM,LGW
,HAMLTN,,HAM,LTN
,HAMMAN,,HAM,MAN
,HERBRS,,HER,BRS
,HERGVA,,HER,GVA
,HERLGW,,HER,LGW
,HERLTN,,HER,LTN
,HERMAN,,HER,MAN
,HERMXP,,HER,MXP
,HERSXF,,HER,SXF
,HRGGVA,,HRG,GVA
,HRGLGW,,HRG,LGW
,IBZGVA,,IBZ,GVA
,IBZSEN,,IBZ,SEN
,IBZSTN,,IBZ,STN
,INNLGW,,INN,LGW
,INVBRS,,INV,BRS
,INVLGW,,INV,LGW
,INVLTN,,INV,LTN
,IOMLGW,,IOM,LGW
,IOMLPL,,IOM,LPL
,JERGLA,,JER,GLA
,JERLPL,,JER,LPL
,JERSEN,,JER,SEN
,JMKLGW,,JMK,LGW
,JTRLGW,,JTR,LGW
,KEFLTN,,KEF,LTN
,KGSLGW,,KGS,LGW
,KRKBFS,,KRK,BFS
,KRKBRS,,KRK,BRS
,KRKCDG,,KRK,CDG
,KRKEDI,,KRK,EDI
,KRKLGW,,KRK,LGW
,KRKLPL,,KRK,LPL
,LCALGW,,LCA,LGW
,LCGMAD,,LCG,MAD
,LEILGW,,LEI,LGW
,LGWABZ,,LGW,ABZ
,LGWACE,,LGW,ACE
,LGWADB,,LGW,ADB
,LGWAGA,,LGW,AGA
,LGWAGP,,LGW,AGP
,LGWALC,,LGW,ALC
,LGWAMM,,LGW,AMM
,LGWAMS,,LGW,AMS
,LGWATH,,LGW,ATH
,LGWAYT,,LGW,AYT
,LGWBCN,,LGW,BCN
,LGWBFS,,LGW,BFS
,LGWBJV,,LGW,BJV
,LGWBLQ,,LGW,BLQ
,LGWBOD,,LGW,BOD
,LGWBRI,,LGW,BRI
,LGWBSL,,LGW,BSL
,LGWBUD,,LGW,BUD
,LGWCFU,,LGW,CFU
,LGWCGN,,LGW,CGN
,LGWCHQ,,LGW,CHQ
,LGWCPH,,LGW,CPH
,LGWCTA,,LGW,CTA
,LGWDBV,,LGW,DBV
,LGWDLM,,LGW,DLM
,LGWDUS,,LGW,DUS
,LGWEDI,,LGW,EDI
,LGWEFL,,LGW,EFL
,LGWFAO,,LGW,FAO
,LGWFCO,,LGW,FCO
,LGWFNC,,LGW,FNC
,LGWFUE,,LGW,FUE
,LGWGIB,,LGW,GIB
,LGWGLA,,LGW,GLA
,LGWGVA,,LGW,GVA
,LGWHAM,,LGW,HAM
,LGWHER,,LGW,HER
,LGWHRG,,LGW,HRG
,LGWINN,,LGW,INN
,LGWINV,,LGW,INV
,LGWIOM,,LGW,IOM
,LGWJMK,,LGW,JMK
,LGWJTR,,LGW,JTR
,LGWKGS,,LGW,KGS
,LGWKRK,,LGW,KRK
,LGWLCA,,LGW,LCA
,LGWLEI,,LGW,LEI
,LGWLIN,,LGW,LIN
,LGWLIS,,LGW,LIS
,LGWLPA,,LGW,LPA
,LGWLXR,,LGW,LXR
,LGWLYS,,LGW,LYS
,LGWMAD,,LGW,MAD
,LGWMAH,,LGW,MAH
,LGWMJV,,LGW,MJV
,LGWMLA,,LGW,MLA
,LGWMPL,,LGW,MPL
,LGWMRS,,LGW,MRS
,LGWMUC,,LGW,MUC
,LGWMXP,,LGW,MXP
,LGWNAP,,LGW,NAP
,LGWNCE,,LGW,NCE
,LGWOLB,,LGW,OLB
,LGWOPO,,LGW,OPO
,LGWPFO,,LGW,PFO
,LGWPMI,,LGW,PMI
,LGWPMO,,LGW,PMO
,LGWPRG,,LGW,PRG
,LGWPSA,,LGW,PSA
,LGWRAK,,LGW,RAK
,LGWRHO,,LGW,RHO
,LGWSKG,,LGW,SKG
,LGWSOF,,LGW,SOF
,LGWSSH,,LGW,SSH
,LGWSVQ,,LGW,SVQ
,LGWSXF,,LGW,SXF
,LGWTFS,,LGW,TFS
,LGWTLS,,LGW,TLS
,LGWVCE,,LGW,VCE
,LGWVIE,,LGW,VIE
,LGWVLC,,LGW,VLC
,LGWVRN,,LGW,VRN
,LGWZAG,,LGW,ZAG
,LGWZRH,,LGW,ZRH
,LGWZTH,,LGW,ZTH
,LILNCE,,LIL,NCE
,LILTLS,,LIL,TLS
,LINLGW,,LIN,LGW
,LINORY,,LIN,ORY
,LISAMS,,LIS,AMS
,LISBCN,,LIS,BCN
,LISBOD,,LIS,BOD
,LISBRS,,LIS,BRS
,LISBSL,,LIS,BSL
,LISCDG,,LIS,CDG
,LISCPH,,LIS,CPH
,LISEDI,,LIS,EDI
,LISFCO,,LIS,FCO
,LISFNC,,LIS,FNC
,LISGVA,,LIS,GVA
,LISLGW,,LIS,LGW
,LISLPL,,LIS,LPL
,LISLTN,,LIS,LTN
,LISLYS,,LIS,LYS
,LISMAD,,LIS,MAD
,LISMXP,,LIS,MXP
,LISOVD,,LIS,OVD
,LISSXF,,LIS,SXF
,LISTLS,,LIS,TLS
,LISVCE,,LIS,VCE
,LJUSTN,,LJU,STN
,LPABSL,,LPA,BSL
,LPALGW,,LPA,LGW
,LPLACE,,LPL,ACE
,LPLAGP,,LPL,AGP
,LPLALC,,LPL,ALC
,LPLAMS,,LPL,AMS
,LPLBCN,,LPL,BCN
,LPLBFS,,LPL,BFS
,LPLBJV,,LPL,BJV
,LPLBRU,,LPL,BRU
,LPLCDG,,LPL,CDG
,LPLFAO,,LPL,FAO
,LPLFUE,,LPL,FUE
,LPLGIB,,LPL,GIB
,LPLGVA,,LPL,GVA
,LPLIOM,,LPL,IOM
,LPLJER,,LPL,JER
,LPLKRK,,LPL,KRK
,LPLLIS,,LPL,LIS
,LPLMAD,,LPL,MAD
,LPLMLA,,LPL,MLA
,LPLNAP,,LPL,NAP
,LPLNCE,,LPL,NCE
,LPLPMI,,LPL,PMI
,LPLRHO,,LPL,RHO
,LPLSXF,,LPL,SXF
,LPLTLL,,LPL,TLL
,LTNABZ,,LTN,ABZ
,LTNAGP,,LTN,AGP
,LTNALC,,LTN,ALC
,LTNAMS,,LTN,AMS
,LTNBCN,,LTN,BCN
,LTNBFS,,LTN,BFS
,LTNBOD,,LTN,BOD
,LTNBUD,,LTN,BUD
,LTNCDG,,LTN,CDG
,LTNCFU,,LTN,CFU
,LTNDTM,,LTN,DTM
,LTNEDI,,LTN,EDI
,LTNFAO,,LTN,FAO
,LTNGLA,,LTN,GLA
,LTNGVA,,LTN,GVA
,LTNHAM,,LTN,HAM
,LTNHER,,LTN,HER
,LTNINV,,LTN,INV
,LTNKEF,,LTN,KEF
,LTNLIS,,LTN,LIS
,LTNMAD,,LTN,MAD
,LTNMPL,,LTN,MPL
,LTNMXP,,LTN,MXP
,LTNNCE,,LTN,NCE
,LTNPFO,,LTN,PFO
,LTNPMI,,LTN,PMI
,LTNPSA,,LTN,PSA
,LTNSAW,,LTN,SAW
,LTNSSH,,LTN,SSH
,LTNSXF,,LTN,SXF
,LTNTLV,,LTN,TLV
,LTNZRH,,LTN,ZRH
,LXRLGW,,LXR,LGW
,LYSAGA,,LYS,AGA
,LYSAJA,,LYS,AJA
,LYSBCN,,LYS,BCN
,LYSBES,,LYS,BES
,LYSBIA,,LYS,BIA
,LYSBOD,,LYS,BOD
,LYSBRU,,LYS,BRU
,LYSCMN,,LYS,CMN
,LYSEDI,,LYS,EDI
,LYSFCO,,LYS,FCO
,LYSLGW,,LYS,LGW
,LYSLIS,,LYS,LIS
,LYSMAD,,LYS,MAD
,LYSMXP,,LYS,MXP
,LYSNCE,,LYS,NCE
,LYSNTE,,LYS,NTE
,LYSOPO,,LYS,OPO
,LYSPRG,,LYS,PRG
,LYSRAK,,LYS,RAK
,LYSSTN,,LYS,STN
,LYSSXF,,LYS,SXF
,LYSTLS,,LYS,TLS
,LYSVCE,,LYS,VCE
,MADAMS,,MAD,AMS
,MADBIO,,MAD,BIO
,MADBOD,,MAD,BOD
,MADBRS,,MAD,BRS
,MADBSL,,MAD,BSL
,MADCDG,,MAD,CDG
,MADCPH,,MAD,CPH
,MADEDI,,MAD,EDI
,MADFCO,,MAD,FCO
,MADGVA,,MAD,GVA
,MADLCG,,MAD,LCG
,MADLGW,,MAD,LGW
,MADLIS,,MAD,LIS
,MADLPL,,MAD,LPL
,MADLTN,,MAD,LTN
,MADLYS,,MAD,LYS
,MADMXP,,MAD,MXP
,MADNAP,,MAD,NAP
,MADSXF,,MAD,SXF
,MADTLS,,MAD,TLS
,MADVCE,,MAD,VCE
,MAHLGW,,MAH,LGW
,MANAGP,,MAN,AGP
,MANALC,,MAN,ALC
,MANAMS,,MAN,AMS
,MANATH,,MAN,ATH
,MANBFS,,MAN,BFS
,MANBIO,,MAN,BIO
,MANBSL,,MAN,BSL
,MANCFU,,MAN,CFU
,MANCPH,,MAN,CPH
,MANDLM,,MAN,DLM
,MANGVA,,MAN,GVA
,MANHAM,,MAN,HAM
,MANHER,,MAN,HER
,MANMLA,,MAN,MLA
,MANMUC,,MAN,MUC
,MANPFO,,MAN,PFO
,MANPMI,,MAN,PMI
,MANRAK,,MAN,RAK
,MANSOF,,MAN,SOF
,MANSSH,,MAN,SSH
,MANSXF,,MAN,SXF
,MANTFS,,MAN,TFS
,MJVBRS,,MJV,BRS
,MJVLGW,,MJV,LGW
,MLABFS,,MLA,BFS
,MLALGW,,MLA,LGW
,MLALPL,,MLA,LPL
,MLAMAN,,MLA,MAN
,MLANCL,,MLA,NCL
,MPLLGW,,MPL,LGW
,MPLLTN,,MPL,LTN
,MRSLGW,,MRS,LGW
,MUCEDI,,MUC,EDI
,MUCLGW,,MUC,LGW
,MUCMAN,,MUC,MAN
,MUCSTN,,MUC,STN
,MXPAGP,,MXP,AGP
,MXPAHO,,MXP,AHO
,MXPAMS,,MXP,AMS
,MXPATH,,MXP,ATH
,MXPBCN,,MXP,BCN
,MXPBDS,,MXP,BDS
,MXPBOD,,MXP,BOD
,MXPBRI,,MXP,BRI
,MXPBRU,,MXP,BRU
,MXPCAG,,MXP,CAG
,MXPCDG,,MXP,CDG
,MXPCMN,,MXP,CMN
,MXPCPH,,MXP,CPH
,MXPCTA,,MXP,CTA
,MXPEDI,,MXP,EDI
,MXPFCO,,MXP,FCO
,MXPHER,,MXP,HER
,MXPLGW,,MXP,LGW
,MXPLIS,,MXP,LIS
,MXPLTN,,MXP,LTN
,MXPLYS,,MXP,LYS
,MXPMAD,,MXP,MAD
,MXPNAP,,MXP,NAP
,MXPOLB,,MXP,OLB
,MXPOPO,,MXP,OPO
,MXPPMI,,MXP,PMI
,MXPPMO,,MXP,PMO
,MXPPRG,,MXP,PRG
,MXPRAK,,MXP,RAK
,MXPSKG,,MXP,SKG
,MXPSUF,,MXP,SUF
,MXPSXF,,MXP,SXF
,MXPTLS,,MXP,TLS
,NAPBRS,,NAP,BRS
,NAPBSL,,NAP,BSL
,NAPEDI,,NAP,EDI
,NAPGVA,,NAP,GVA
,NAPLGW,,NAP,LGW
,NAPLPL,,NAP,LPL
,NAPMAD,,NAP,MAD
,NAPMXP,,NAP,MXP
,NAPNCE,,NAP,NCE
,NAPORY,,NAP,ORY
,NAPSTN,,NAP,STN
,NAPSXF,,NAP,SXF
,NAPVCE,,NAP,VCE
,NCEBCN,,NCE,BCN
,NCEBOD,,NCE,BOD
,NCEBRS,,NCE,BRS
,NCEBRU,,NCE,BRU
,NCEBSL,,NCE,BSL
,NCECDG,,NCE,CDG
,NCEEDI,,NCE,EDI
,NCEFCO,,NCE,FCO
,NCEGVA,,NCE,GVA
,NCELGW,,NCE,LGW
,NCELIL,,NCE,LIL
,NCELPL,,NCE,LPL
,NCELTN,,NCE,LTN
,NCELYS,,NCE,LYS
,NCENAP,,NCE,NAP
,NCENCL,,NCE,NCL
,NCENTE,,NCE,NTE
,NCEORY,,NCE,ORY
,NCESTN,,NCE,STN
,NCESXF,,NCE,SXF
,NCETLS,,NCE,TLS
,NCEVCE,,NCE,VCE
,NCLAGP,,NCL,AGP
,NCLALC,,NCL,ALC
,NCLBCN,,NCL,BCN
,NCLBFS,,NCL,BFS
,NCLBRS,,NCL,BRS
,NCLCDG,,NCL,CDG
,NCLFAO,,NCL,FAO
,NCLMLA,,NCL,MLA
,NCLNCE,,NCL,NCE
,NCLPMI,,NCL,PMI
,NTEBSL,,NTE,BSL
,NTEGVA,,NTE,GVA
,NTELYS,,NTE,LYS
,NTENCE,,NTE,NCE
,NTETLS,,NTE,TLS
,OLBBSL,,OLB,BSL
,OLBGVA,,OLB,GVA
,OLBLGW,,OLB,LGW
,OLBMXP,,OLB,MXP
,OLBSXF,,OLB,SXF
,OPOBSL,,OPO,BSL
,OPOCDG,,OPO,CDG
,OPOGVA,,OPO,GVA
,OPOLGW,,OPO,LGW
,OPOLYS,,OPO,LYS
,OPOMXP,,OPO,MXP
,OPOTLS,,OPO,TLS
,ORYATH,,ORY,ATH
,ORYFAO,,ORY,FAO
,ORYFCO,,ORY,FCO
,ORYGVA,,ORY,GVA
,ORYLIN,,ORY,LIN
,ORYNAP,,ORY,NAP
,ORYNCE,,ORY,NCE
,ORYPSA,,ORY,PSA
,ORYSXF,,ORY,SXF
,ORYTLS,,ORY,TLS
,ORYVCE,,ORY,VCE
,OVDGVA,,OVD,GVA
,OVDLIS,,OVD,LIS
,OVDSTN,,OVD,STN
,PFOBRS,,PFO,BRS
,PFOEDI,,PFO,EDI
,PFOLGW,,PFO,LGW
,PFOLTN,,PFO,LTN
,PFOMAN,,PFO,MAN
,PMIBFS,,PMI,BFS
,PMIBRS,,PMI,BRS
,PMIBSL,,PMI,BSL
,PMIDTM,,PMI,DTM
,PMIEDI,,PMI,EDI
,PMIGLA,,PMI,GLA
,PMIGVA,,PMI,GVA
,PMILGW,,PMI,LGW
,PMILPL,,PMI,LPL
,PMILTN,,PMI,LTN
,PMIMAN,,PMI,MAN
,PMIMXP,,PMI,MXP
,PMINCL,,PMI,NCL
,PMISEN,,PMI,SEN
,PMISTN,,PMI,STN
,PMISXF,,PMI,SXF
,PMOFCO,,PMO,FCO
,PMOLGW,,PMO,LGW
,PMOMXP,,PMO,MXP
,PRGAMS,,PRG,AMS
,PRGBRS,,PRG,BRS
,PRGCDG,,PRG,CDG
,PRGLGW,,PRG,LGW
,PRGLYS,,PRG,LYS
,PRGMXP,,PRG,MXP
,PRGSTN,,PRG,STN
,PRNBSL,,PRN,BSL
,PRNGVA,,PRN,GVA
,PSABRS,,PSA,BRS
,PSALGW,,PSA,LGW
,PSALTN,,PSA,LTN
,PSAORY,,PSA,ORY
,PSASXF,,PSA,SXF
,RAKBSL,,RAK,BSL
,RAKCDG,,RAK,CDG
,RAKGVA,,RAK,GVA
,RAKLGW,,RAK,LGW
,RAKLYS,,RAK,LYS
,RAKMAN,,RAK,MAN
,RAKMXP,,RAK,MXP
,RHOLGW,,RHO,LGW
,RHOLPL,,RHO,LPL
,SAWBSL,,SAW,BSL
,SAWLTN,,SAW,LTN
,SCQGVA,,SCQ,GVA
,SENAGP,,SEN,AGP
,SENALC,,SEN,ALC
,SENAMS,,SEN,AMS
,SENBCN,,SEN,BCN
,SENBFS,,SEN,BFS
,SENFAO,,SEN,FAO
,SENIBZ,,SEN,IBZ
,SENJER,,SEN,JER
,SENPMI,,SEN,PMI
,SKGBSL,,SKG,BSL
,SKGDTM,,SKG,DTM
,SKGLGW,,SKG,LGW
,SKGMXP,,SKG,MXP
,SKGSXF,,SKG,SXF
,SOFLGW,,SOF,LGW
,SOFMAN,,SOF,MAN
,SPUGVA,,SPU,GVA
,SSHGVA,,SSH,GVA
,SSHLGW,,SSH,LGW
,SSHLTN,,SSH,LTN
,SSHMAN,,SSH,MAN
,STNAGP,,STN,AGP
,STNALC,,STN,ALC
,STNAMS,,STN,AMS
,STNBCN,,STN,BCN
,STNBFS,,STN,BFS
,STNBIO,,STN,BIO
,STNBJV,,STN,BJV
,STNCAG,,STN,CAG
,STNCPH,,STN,CPH
,STNDBV,,STN,DBV
,STNDLM,,STN,DLM
,STNEDI,,STN,EDI
,STNGLA,,STN,GLA
,STNIBZ,,STN,IBZ
,STNLJU,,STN,LJU
,STNLYS,,STN,LYS
,STNMUC,,STN,MUC
,STNNAP,,STN,NAP
,STNNCE,,STN,NCE
,STNOVD,,STN,OVD
,STNPMI,,STN,PMI
,STNPRG,,STN,PRG
,STNTLL,,STN,TLL
,SUFMXP,,SUF,MXP
,SVQLGW,,SVQ,LGW
,SXFAGA,,SXF,AGA
,SXFAGP,,SXF,AGP
,SXFAMS,,SXF,AMS
,SXFATH,,SXF,ATH
,SXFBCN,,SXF,BCN
,SXFBRS,,SXF,BRS
,SXFBRU,,SXF,BRU
,SXFBSL,,SXF,BSL
,SXFBUD,,SXF,BUD
,SXFCAG,,SXF,CAG
,SXFCPH,,SXF,CPH
,SXFFCO,,SXF,FCO
,SXFGLA,,SXF,GLA
,SXFGVA,,SXF,GVA
,SXFHER,,SXF,HER
,SXFLGW,,SXF,LGW
,SXFLIS,,SXF,LIS
,SXFLPL,,SXF,LPL
,SXFLTN,,SXF,LTN
,SXFLYS,,SXF,LYS
,SXFMAD,,SXF,MAD
,SXFMAN,,SXF,MAN
,SXFMXP,,SXF,MXP
,SXFNAP,,SXF,NAP
,SXFNCE,,SXF,NCE
,SXFOLB,,SXF,OLB
,SXFORY,,SXF,ORY
,SXFPMI,,SXF,PMI
,SXFPSA,,SXF,PSA
,SXFSKG,,SXF,SKG
,SXFTFS,,SXF,TFS
,SXFVCE,,SXF,VCE
,TFSBRS,,TFS,BRS
,TFSBSL,,TFS,BSL
,TFSEDI,,TFS,EDI
,TFSLGW,,TFS,LGW
,TFSMAN,,TFS,MAN
,TFSSXF,,TFS,SXF
,TLLLPL,,TLL,LPL
,TLLSTN,,TLL,STN
,TLSBRS,,TLS,BRS
,TLSBRU,,TLS,BRU
,TLSBSL,,TLS,BSL
,TLSCDG,,TLS,CDG
,TLSFCO,,TLS,FCO
,TLSGVA,,TLS,GVA
,TLSLGW,,TLS,LGW
,TLSLIL,,TLS,LIL
,TLSLIS,,TLS,LIS
,TLSLYS,,TLS,LYS
,TLSMAD,,TLS,MAD
,TLSMXP,,TLS,MXP
,TLSNCE,,TLS,NCE
,TLSNTE,,TLS,NTE
,TLSOPO,,TLS,OPO
,TLSORY,,TLS,ORY
,TLSVCE,,TLS,VCE
,TLVBSL,,TLV,BSL
,TLVGVA,,TLV,GVA
,TLVLTN,,TLV,LTN
,TNGCDG,,TNG,CDG
,VCEBSL,,VCE,BSL
,VCECDG,,VCE,CDG
,VCEFCO,,VCE,FCO
,VCEGVA,,VCE,GVA
,VCELGW,,VCE,LGW
,VCELIS,,VCE,LIS
,VCELYS,,VCE,LYS
,VCEMAD,,VCE,MAD
,VCENAP,,VCE,NAP
,VCENCE,,VCE,NCE
,VCEORY,,VCE,ORY
,VCESXF,,VCE,SXF
,VCETLS,,VCE,TLS
,VIELGW,,VIE,LGW
,VLCLGW,,VLC,LGW
,VRNCDG,,VRN,CDG
,VRNLGW,,VRN,LGW
,ZAGLGW,,ZAG,LGW
,ZRHLGW,,ZRH,LGW
,ZRHLTN,,ZRH,LTN
,ZTHLGW,,ZTH,LGW
,BODBRU,,BOD,BRU
,LTNVIE,,LTN,VIE
,FCOLTN,,FCO,LTN
,ORYPMO,,ORY,PMO
,AMSHAM,,AMS,HAM
,AMSLIN,,AMS,LIN
,CFUMXP,,CFU,MXP
,MXPLIL,,MXP,LIL
,MXPHAM,,MXP,HAM
,BRUBOD,,BRU,BOD
,CDGSEN,,CDG,SEN
,LINAMS,,LIN,AMS
,LTNMUC,,LTN,MUC
,LISLUX,,LIS,LUX
,VIELTN,,VIE,LTN
,BRSBSL,,BRS,BSL
,OPOFNC,,OPO,FNC
,NCLGVA,,NCL,GVA
,KRKHAM,,KRK,HAM
,ORYHAM,,ORY,HAM
,BDSBSL,,BDS,BSL
,STROPO,,STR,OPO
,BRUBSL,,BRU,BSL
,LISNTE,,LIS,NTE
,LGWTLL,,LGW,TLL
,CTABRS,,CTA,BRS
,FNCMAN,,FNC,MAN
,LTNNAP,,LTN,NAP
,BSLBDS,,BSL,BDS
,SZGHAM,,SZG,HAM
,NAPVIE,,NAP,VIE
,MXPJMK,,MXP,JMK
,LRHLGW,,LRH,LGW
,CTABSL,,CTA,BSL
,NAPCDG,,NAP,CDG
,JMKMXP,,JMK,MXP
,CDGMAN,,CDG,MAN
,MAHMXP,,MAH,MXP
,FCOHAM,,FCO,HAM
,BSLSCQ,,BSL,SCQ
,HAMSZG,,HAM,SZG
,SPUMXP,,SPU,MXP
,AMSNCE,,AMS,NCE
,PRGNAP,,PRG,NAP
,HAMORY,,HAM,ORY
,LTNCPH,,LTN,CPH
,CTASXF,,CTA,SXF
,MPLBSL,,MPL,BSL
,LGWCDG,,LGW,CDG
,MXPLUX,,MXP,LUX
,STREDI,,STR,EDI
,IOMBRS,,IOM,BRS
,LILGVA,,LIL,GVA
,BIQLGW,,BIQ,LGW
,SXFSPU,,SXF,SPU
,VCEAMS,,VCE,AMS
,GVAHAM,,GVA,HAM
,LGWLRH,,LGW,LRH
,MANFNC,,MAN,FNC
,MXPJTR,,MXP,JTR
,CDGLGW,,CDG,LGW
,LGWNTE,,LGW,NTE
,BRSVIE,,BRS,VIE
,BRSIOM,,BRS,IOM
,IBZMXP,,IBZ,MXP
,BSLMPL,,BSL,MPL
,JERLGW,,JER,LGW
,MANSKG,,MAN,SKG
,MUCLTN,,MUC,LTN
,VIEAMS,,VIE,AMS
,AMSTLS,,AMS,TLS
,BSLKRK,,BSL,KRK
,NCEAMS,,NCE,AMS
,CDGLIN,,CDG,LIN
,LUXLIS,,LUX,LIS
,MXPBIO,,MXP,BIO
,OPONTE,,OPO,NTE
,HAMFCO,,HAM,FCO
,LTNIBZ,,LTN,IBZ
,CPHLTN,,CPH,LTN
,AMSNAP,,AMS,NAP
,SKGHAM,,SKG,HAM
,BHXBFS,,BHX,BFS
,LPLMAH,,LPL,MAH
,LTNBSL,,LTN,BSL
,VIEGVA,,VIE,GVA
,EDIVCE,,EDI,VCE
,NAPCTA,,NAP,CTA
,BSLBUD,,BSL,BUD
,NTELIS,,NTE,LIS
,MXPSPU,,MXP,SPU
,LYSLTN,,LYS,LTN
,BRSVCE,,BRS,VCE
,PMOORY,,PMO,ORY
,TLLLGW,,TLL,LGW
,NTELGW,,NTE,LGW
,NAPAMS,,NAP,AMS
,BSLBRS,,BSL,BRS
,BSLBRU,,BSL,BRU
,MXPMAH,,MXP,MAH
,HAMSKG,,HAM,SKG
,KRKBSL,,KRK,BSL
,MXPMAN,,MXP,MAN
,LGWJER,,LGW,JER
,AMSVCE,,AMS,VCE
,PSABSL,,PSA,BSL
,MXPSTR,,MXP,STR
,AMSVIE,,AMS,VIE
,VCEEDI,,VCE,EDI
,LTNVCE,,LTN,VCE
,JERLTN,,JER,LTN
,EDISTR,,EDI,STR
,SPUSXF,,SPU,SXF
,SENCDG,,SEN,CDG
,SCQLGW,,SCQ,LGW
,GVABEG,,GVA,BEG
,SKGMAN,,SKG,MAN
,MANPRG,,MAN,PRG
,LGWSPU,,LGW,SPU
,HAMAMS,,HAM,AMS
,EDICPH,,EDI,CPH
,EFLMAN,,EFL,MAN
,BRSCTA,,BRS,CTA
,MXPIBZ,,MXP,IBZ
,PRGBSL,,PRG,BSL
,BODLIL,,BOD,LIL
,IBZLGW,,IBZ,LGW
,HAMPMI,,HAM,PMI
,ATHHAM,,ATH,HAM
,LTNLYS,,LTN,LYS
,BSLCTA,,BSL,CTA
,HAMGVA,,HAM,GVA
,NAPPRG,,NAP,PRG
,MANAYT,,MAN,AYT
,CTALTN,,CTA,LTN
,GVANCL,,GVA,NCL
,STRLGW,,STR,LGW
,LGWBIQ,,LGW,BIQ
,CDGNAP,,CDG,NAP
,MAHLTN,,MAH,LTN
,LILBOD,,LIL,BOD
,MXPMUC,,MXP,MUC
,HAMATH,,HAM,ATH
,VIENAP,,VIE,NAP
,HAMPSA,,HAM,PSA
,TLSAMS,,TLS,AMS
,BFSBHX,,BFS,BHX
,SXFCTA,,SXF,CTA
,VCEBRS,,VCE,BRS
,LUXLGW,,LUX,LGW
,SZGSXF,,SZG,SXF
,NAPLTN,,NAP,LTN
,LGWSCQ,,LGW,SCQ
,BRUNAP,,BRU,NAP
,MAHSEN,,MAH,SEN
,IBZLTN,,IBZ,LTN
,BODAMS,,BOD,AMS
,JTRMXP,,JTR,MXP
,PRGMAN,,PRG,MAN
,LTNMAH,,LTN,MAH
,AMSSPU,,AMS,SPU
,AMSBOD,,AMS,BOD
,PMIHAM,,PMI,HAM
,LGWLUX,,LGW,LUX
,GVALIL,,GVA,LIL
,HAMEDI,,HAM,EDI
,SXFSZG,,SXF,SZG
,LTNCTA,,LTN,CTA
,CTANAP,,CTA,NAP
,PSAHAM,,PSA,HAM
,LINCDG,,LIN,CDG
,VIEBRS,,VIE,BRS
,STRMXP,,STR,MXP
,HAMKRK,,HAM,KRK
,MXPCFU,,MXP,CFU
,LTNJER,,LTN,JER
,MAHLPL,,MAH,LPL
,BSLLTN,,BSL,LTN
,VCEHAM,,VCE,HAM
,MUCMXP,,MUC,MXP
,BEGGVA,,BEG,GVA
,HAMVCE,,HAM,VCE
,BIOMXP,,BIO,MXP
,SENMAH,,SEN,MAH
,LILMXP,,LIL,MXP
,CPHEDI,,CPH,EDI
,SCQBSL,,SCQ,BSL
,VCELTN,,VCE,LTN
,EDIPRG,,EDI,PRG
,LUXMXP,,LUX,MXP
,EDIHAM,,EDI,HAM
,NTEOPO,,NTE,OPO
,NAPBRU,,NAP,BRU
,SPUAMS,,SPU,AMS
,BUDBSL,,BUD,BSL
,SXFVIE,,SXF,VIE
,MANEFL,,MAN,EFL
,LGWIBZ,,LGW,IBZ
,AYTMAN,,AYT,MAN
,KEFLGW,,KEF,LGW
,GVAVIE,,GVA,VIE
,HAMMXP,,HAM,MXP
,MANCDG,,MAN,CDG
,LGWSTR,,LGW,STR
,SPULGW,,SPU,LGW
,MANMXP,,MAN,MXP
,OPOSTR,,OPO,STR
,VIESXF,,VIE,SXF
,LGWKEF,,LGW,KEF
,PRGEDI,,PRG,EDI
,LTNFCO,,LTN,FCO
,BSLPRG,,BSL,PRG
,FNCOPO,,FNC,OPO
,BSLPSA,,BSL,PSA
,HKTCDG,,HKT,CDG
,CDGHKT,,CDG,HKT
,LTNHKT,,LTN,HKT
,HKTLTN,,HKT,LTN
,GOICDG,,GOI,CDG
,CDGGOI,,CDG,GOI
,LTNGOI,,LTN,GOI
,GOILTN,,GOI,LTN
,MIACDG,,MIA,CDG
,CDGMIA,,CDG,MIA
,LTNMIA,,LTN,MIA
,MIALTN,,MIA,LTN
,NAPCDG,,NAP,CDG
,CDGNAP,,CDG,NAP
,LTNNAP,,LTN,NAP
,NAPLTN,,NAP,LTN
,FLRCDG,,FLR,CDG
,CDGFLR,,CDG,FLR
,LTNFLR,,LTN,FLR
,FLRLTN,,FLR,LTN
,FCOCDG,,FCO,CDG
,CDGFCO,,CDG,FCO
,BKKCDG,,BKK,CDG
,CDGBKK,,CDG,BKK
,LTNBKK,,LTN,BKK
,BKKLTN,,BKK,LTN
,KULCDG,,KUL,CDG
,CDGKUL,,CDG,KUL
,LTNKUL,,LTN,KUL
,KULLTN,,KUL,LTN
,PRGCDG,,PRG,CDG
,CDGPRG,,CDG,PRG
,LTNPRG,,LTN,PRG
,PRGLTN,,PRG,LTN
,KEFCDG,,KEF,CDG
,CDGKEF,,CDG,KEF
,LTNKEF,,LTN,KEF
,KEFLTN,,KEF,LTN
,ICNCDG,,ICN,CDG
,CDGICN,,CDG,ICN
,LTNICN,,LTN,ICN
,ICNLTN,,ICN,LTN
