,ABZLGW,,ABZ,LGW,ABZLGW
,ABZLTN,,ABZ,LTN,ABZLTN
,ACELGW,,ACE,LGW,ACELGW
,ACELPL,,ACE,LPL,ACELPL
,ADBLGW,,ADB,LGW,ADBLGW
,AGACDG,,AGA,CDG,AGACDG
,AGALGW,,AGA,LGW,AGALGW
,AGALYS,,AGA,LYS,AGALYS
,AGASXF,,AGA,SXF,AGASXF
,AGPBFS,,AGP,BFS,AGPBFS
,AGPBRS,,AGP,BRS,AGPBRS
,AGPBSL,,AGP,BSL,AGPBSL
,AGPCDG,,AGP,CDG,AGPCDG
,AGPGLA,,AGP,GLA,AGPGLA
,AGPGVA,,AGP,GVA,AGPGVA
,AGPLGW,,AGP,LGW,AGPLGW
,AGPLPL,,AGP,LPL,AGPLPL
,AGPLTN,,AGP,LTN,AGPLTN
,AGPMAN,,AGP,MAN,AGPMAN
,AGPMXP,,AGP,MXP,AGPMXP
,AGPNCL,,AGP,NCL,AGPNCL
,AGPSEN,,AGP,SEN,AGPSEN
,AGPSTN,,AGP,STN,AGPSTN
,AGPSXF,,AGP,SXF,AGPSXF
,AHOMXP,,AHO,MXP,AHOMXP
,AJABSL,,AJA,BSL,AJABSL
,AJACDG,,AJA,CDG,AJACDG
,AJAGVA,,AJA,GVA,AJAGVA
,AJALYS,,AJA,LYS,AJALYS
,ALCBFS,,ALC,BFS,ALCBFS
,ALCBRS,,ALC,BRS,ALCBRS
,ALCBSL,,ALC,BSL,ALCBSL
,ALCEDI,,ALC,EDI,ALCEDI
,ALCGLA,,ALC,GLA,ALCGLA
,ALCGVA,,ALC,GVA,ALCGVA
,ALCLGW,,ALC,LGW,ALCLGW
,ALCLPL,,ALC,LPL,ALCLPL
,ALCLTN,,ALC,LTN,ALCLTN
,ALCMAN,,ALC,MAN,ALCMAN
,ALCNCL,,ALC,NCL,ALCNCL
,ALCSEN,,ALC,SEN,ALCSEN
,ALCSTN,,ALC,STN,ALCSTN
,AMMLGW,,AMM,LGW,AMMLGW
,AMSBCN,,AMS,BCN,AMSBCN
,AMSBFS,,AMS,BFS,AMSBFS
,AMSBRS,,AMS,BRS,AMSBRS
,AMSBSL,,AMS,BSL,AMSBSL
,AMSEDI,,AMS,EDI,AMSEDI
,AMSFCO,,AMS,FCO,AMSFCO
,AMSGLA,,AMS,GLA,AMSGLA
,AMSGVA,,AMS,GVA,AMSGVA
,AMSLGW,,AMS,LGW,AMSLGW
,AMSLIS,,AMS,LIS,AMSLIS
,AMSLPL,,AMS,LPL,AMSLPL
,AMSLTN,,AMS,LTN,AMSLTN
,AMSMAD,,AMS,MAD,AMSMAD
,AMSMAN,,AMS,MAN,AMSMAN
,AMSMXP,,AMS,MXP,AMSMXP
,AMSPRG,,AMS,PRG,AMSPRG
,AMSSEN,,AMS,SEN,AMSSEN
,AMSSTN,,AMS,STN,AMSSTN
,AMSSXF,,AMS,SXF,AMSSXF
,ARNGVA,,ARN,GVA,ARNGVA
,ATHEDI,,ATH,EDI,ATHEDI
,ATHFCO,,ATH,FCO,ATHFCO
,ATHGVA,,ATH,GVA,ATHGVA
,ATHLGW,,ATH,LGW,ATHLGW
,ATHMAN,,ATH,MAN,ATHMAN
,ATHMXP,,ATH,MXP,ATHMXP
,ATHORY,,ATH,ORY,ATHORY
,ATHSXF,,ATH,SXF,ATHSXF
,AYTLGW,,AYT,LGW,AYTLGW
,BCNAMS,,BCN,AMS,BCNAMS
,BCNBFS,,BCN,BFS,BCNBFS
,BCNBRS,,BCN,BRS,BCNBRS
,BCNBSL,,BCN,BSL,BCNBSL
,BCNCDG,,BCN,CDG,BCNCDG
,BCNDTM,,BCN,DTM,BCNDTM
,BCNGVA,,BCN,GVA,BCNGVA
,BCNLGW,,BCN,LGW,BCNLGW
,BCNLIS,,BCN,LIS,BCNLIS
,BCNLPL,,BCN,LPL,BCNLPL
,BCNLTN,,BCN,LTN,BCNLTN
,BCNLYS,,BCN,LYS,BCNLYS
,BCNMXP,,BCN,MXP,BCNMXP
,BCNNCE,,BCN,NCE,BCNNCE
,BCNNCL,,BCN,NCL,BCNNCL
,BCNSEN,,BCN,SEN,BCNSEN
,BCNSTN,,BCN,STN,BCNSTN
,BCNSXF,,BCN,SXF,BCNSXF
,BDSGVA,,BDS,GVA,BDSGVA
,BDSMXP,,BDS,MXP,BDSMXP
,BESLYS,,BES,LYS,BESLYS
,BFSAGP,,BFS,AGP,BFSAGP
,BFSALC,,BFS,ALC,BFSALC
,BFSAMS,,BFS,AMS,BFSAMS
,BFSBCN,,BFS,BCN,BFSBCN
,BFSBRS,,BFS,BRS,BFSBRS
,BFSCDG,,BFS,CDG,BFSCDG
,BFSEDI,,BFS,EDI,BFSEDI
,BFSFAO,,BFS,FAO,BFSFAO
,BFSGLA,,BFS,GLA,BFSGLA
,BFSKRK,,BFS,KRK,BFSKRK
,BFSLGW,,BFS,LGW,BFSLGW
,BFSLPL,,BFS,LPL,BFSLPL
,BFSLTN,,BFS,LTN,BFSLTN
,BFSMAN,,BFS,MAN,BFSMAN
,BFSMLA,,BFS,MLA,BFSMLA
,BFSNCL,,BFS,NCL,BFSNCL
,BFSPMI,,BFS,PMI,BFSPMI
,BFSSEN,,BFS,SEN,BFSSEN
,BFSSTN,,BFS,STN,BFSSTN
,BIACDG,,BIA,CDG,BIACDG
,BIAGVA,,BIA,GVA,BIAGVA
,BIALYS,,BIA,LYS,BIALYS
,BIOFCO,,BIO,FCO,BIOFCO
,BIOGVA,,BIO,GVA,BIOGVA
,BIOMAD,,BIO,MAD,BIOMAD
,BIOMAN,,BIO,MAN,BIOMAN
,BIOSTN,,BIO,STN,BIOSTN
,BIQCDG,,BIQ,CDG,BIQCDG
,BJVBRS,,BJV,BRS,BJVBRS
,BJVLGW,,BJV,LGW,BJVLGW
,BJVLPL,,BJV,LPL,BJVLPL
,BJVSTN,,BJV,STN,BJVSTN
,BLQCDG,,BLQ,CDG,BLQCDG
,BLQLGW,,BLQ,LGW,BLQLGW
,BODBRS,,BOD,BRS,BODBRS
,BODBSL,,BOD,BSL,BODBSL
,BODGVA,,BOD,GVA,BODGVA
,BODLGW,,BOD,LGW,BODLGW
,BODLIS,,BOD,LIS,BODLIS
,BODLTN,,BOD,LTN,BODLTN
,BODLYS,,BOD,LYS,BODLYS
,BODMAD,,BOD,MAD,BODMAD
,BODMXP,,BOD,MXP,BODMXP
,BODNCE,,BOD,NCE,BODNCE
,BRILGW,,BRI,LGW,BRILGW
,BRIMXP,,BRI,MXP,BRIMXP
,BRSAGP,,BRS,AGP,BRSAGP
,BRSALC,,BRS,ALC,BRSALC
,BRSAMS,,BRS,AMS,BRSAMS
,BRSBCN,,BRS,BCN,BRSBCN
,BRSBFS,,BRS,BFS,BRSBFS
,BRSBJV,,BRS,BJV,BRSBJV
,BRSBOD,,BRS,BOD,BRSBOD
,BRSCDG,,BRS,CDG,BRSCDG
,BRSCFU,,BRS,CFU,BRSCFU
,BRSCPH,,BRS,CPH,BRSCPH
,BRSDLM,,BRS,DLM,BRSDLM
,BRSEDI,,BRS,EDI,BRSEDI
,BRSFAO,,BRS,FAO,BRSFAO
,BRSFCO,,BRS,FCO,BRSFCO
,BRSFNC,,BRS,FNC,BRSFNC
,BRSFUE,,BRS,FUE,BRSFUE
,BRSGLA,,BRS,GLA,BRSGLA
,BRSGVA,,BRS,GVA,BRSGVA
,BRSHER,,BRS,HER,BRSHER
,BRSINV,,BRS,INV,BRSINV
,BRSKRK,,BRS,KRK,BRSKRK
,BRSLIS,,BRS,LIS,BRSLIS
,BRSMAD,,BRS,MAD,BRSMAD
,BRSMJV,,BRS,MJV,BRSMJV
,BRSNAP,,BRS,NAP,BRSNAP
,BRSNCE,,BRS,NCE,BRSNCE
,BRSNCL,,BRS,NCL,BRSNCL
,BRSPFO,,BRS,PFO,BRSPFO
,BRSPMI,,BRS,PMI,BRSPMI
,BRSPRG,,BRS,PRG,BRSPRG
,BRSPSA,,BRS,PSA,BRSPSA
,BRSSXF,,BRS,SXF,BRSSXF
,BRSTFS,,BRS,TFS,BRSTFS
,BRSTLS,,BRS,TLS,BRSTLS
,BRUGVA,,BRU,GVA,BRUGVA
,BRULPL,,BRU,LPL,BRULPL
,BRULYS,,BRU,LYS,BRULYS
,BRUMXP,,BRU,MXP,BRUMXP
,BRUNCE,,BRU,NCE,BRUNCE
,BRUSXF,,BRU,SXF,BRUSXF
,BRUTLS,,BRU,TLS,BRUTLS
,BSLAGP,,BSL,AGP,BSLAGP
,BSLAJA,,BSL,AJA,BSLAJA
,BSLALC,,BSL,ALC,BSLALC
,BSLAMS,,BSL,AMS,BSLAMS
,BSLBCN,,BSL,BCN,BSLBCN
,BSLBOD,,BSL,BOD,BSLBOD
,BSLCAG,,BSL,CAG,BSLCAG
,BSLCPH,,BSL,CPH,BSLCPH
,BSLDRS,,BSL,DRS,BSLDRS
,BSLDUS,,BSL,DUS,BSLDUS
,BSLEDI,,BSL,EDI,BSLEDI
,BSLFCO,,BSL,FCO,BSLFCO
,BSLFUE,,BSL,FUE,BSLFUE
,BSLHAM,,BSL,HAM,BSLHAM
,BSLLGW,,BSL,LGW,BSLLGW
,BSLLIS,,BSL,LIS,BSLLIS
,BSLLPA,,BSL,LPA,BSLLPA
,BSLMAD,,BSL,MAD,BSLMAD
,BSLMAN,,BSL,MAN,BSLMAN
,BSLNAP,,BSL,NAP,BSLNAP
,BSLNCE,,BSL,NCE,BSLNCE
,BSLNTE,,BSL,NTE,BSLNTE
,BSLOLB,,BSL,OLB,BSLOLB
,BSLOPO,,BSL,OPO,BSLOPO
,BSLPMI,,BSL,PMI,BSLPMI
,BSLPRN,,BSL,PRN,BSLPRN
,BSLRAK,,BSL,RAK,BSLRAK
,BSLSAW,,BSL,SAW,BSLSAW
,BSLSKG,,BSL,SKG,BSLSKG
,BSLSXF,,BSL,SXF,BSLSXF
,BSLTFS,,BSL,TFS,BSLTFS
,BSLTLS,,BSL,TLS,BSLTLS
,BSLTLV,,BSL,TLV,BSLTLV
,BSLVCE,,BSL,VCE,BSLVCE
,BUDCDG,,BUD,CDG,BUDCDG
,BUDDTM,,BUD,DTM,BUDDTM
,BUDGVA,,BUD,GVA,BUDGVA
,BUDLGW,,BUD,LGW,BUDLGW
,BUDLTN,,BUD,LTN,BUDLTN
,BUDSXF,,BUD,SXF,BUDSXF
,CAGBSL,,CAG,BSL,CAGBSL
,CAGGVA,,CAG,GVA,CAGGVA
,CAGMXP,,CAG,MXP,CAGMXP
,CAGSTN,,CAG,STN,CAGSTN
,CAGSXF,,CAG,SXF,CAGSXF
,CDGAGA,,CDG,AGA,CDGAGA
,CDGAGP,,CDG,AGP,CDGAGP
,CDGAJA,,CDG,AJA,CDGAJA
,CDGBCN,,CDG,BCN,CDGBCN
,CDGBFS,,CDG,BFS,CDGBFS
,CDGBIA,,CDG,BIA,CDGBIA
,CDGBIQ,,CDG,BIQ,CDGBIQ
,CDGBLQ,,CDG,BLQ,CDGBLQ
,CDGBRS,,CDG,BRS,CDGBRS
,CDGBUD,,CDG,BUD,CDGBUD
,CDGCMN,,CDG,CMN,CDGCMN
,CDGCPH,,CDG,CPH,CDGCPH
,CDGCTA,,CDG,CTA,CDGCTA
,CDGEDI,,CDG,EDI,CDGEDI
,CDGFEZ,,CDG,FEZ,CDGFEZ
,CDGGLA,,CDG,GLA,CDGGLA
,CDGKRK,,CDG,KRK,CDGKRK
,CDGLIS,,CDG,LIS,CDGLIS
,CDGLPL,,CDG,LPL,CDGLPL
,CDGLTN,,CDG,LTN,CDGLTN
,CDGMAD,,CDG,MAD,CDGMAD
,CDGMXP,,CDG,MXP,CDGMXP
,CDGNCE,,CDG,NCE,CDGNCE
,CDGNCL,,CDG,NCL,CDGNCL
,CDGOPO,,CDG,OPO,CDGOPO
,CDGPRG,,CDG,PRG,CDGPRG
,CDGRAK,,CDG,RAK,CDGRAK
,CDGTLS,,CDG,TLS,CDGTLS
,CDGTNG,,CDG,TNG,CDGTNG
,CDGVCE,,CDG,VCE,CDGVCE
,CDGVRN,,CDG,VRN,CDGVRN
,CFUBRS,,CFU,BRS,CFUBRS
,CFULGW,,CFU,LGW,CFULGW
,CFULTN,,CFU,LTN,CFULTN
,CFUMAN,,CFU,MAN,CFUMAN
,CGNLGW,,CGN,LGW,CGNLGW
,CHQLGW,,CHQ,LGW,CHQLGW
,CMNCDG,,CMN,CDG,CMNCDG
,CMNLYS,,CMN,LYS,CMNLYS
,CMNMXP,,CMN,MXP,CMNMXP
,CPHBRS,,CPH,BRS,CPHBRS
,CPHBSL,,CPH,BSL,CPHBSL
,CPHCDG,,CPH,CDG,CPHCDG
,CPHGVA,,CPH,GVA,CPHGVA
,CPHLGW,,CPH,LGW,CPHLGW
,CPHLIS,,CPH,LIS,CPHLIS
,CPHMAD,,CPH,MAD,CPHMAD
,CPHMAN,,CPH,MAN,CPHMAN
,CPHMXP,,CPH,MXP,CPHMXP
,CPHSTN,,CPH,STN,CPHSTN
,CPHSXF,,CPH,SXF,CPHSXF
,CTACDG,,CTA,CDG,CTACDG
,CTAGVA,,CTA,GVA,CTAGVA
,CTALGW,,CTA,LGW,CTALGW
,CTAMXP,,CTA,MXP,CTAMXP
,DBVGVA,,DBV,GVA,DBVGVA
,DBVLGW,,DBV,LGW,DBVLGW
,DBVSTN,,DBV,STN,DBVSTN
,DLMBRS,,DLM,BRS,DLMBRS
,DLMEDI,,DLM,EDI,DLMEDI
,DLMLGW,,DLM,LGW,DLMLGW
,DLMMAN,,DLM,MAN,DLMMAN
,DLMSTN,,DLM,STN,DLMSTN
,DRSBSL,,DRS,BSL,DRSBSL
,DTMBCN,,DTM,BCN,DTMBCN
,DTMBUD,,DTM,BUD,DTMBUD
,DTMLTN,,DTM,LTN,DTMLTN
,DTMPMI,,DTM,PMI,DTMPMI
,DTMSKG,,DTM,SKG,DTMSKG
,DUSBSL,,DUS,BSL,DUSBSL
,DUSFCO,,DUS,FCO,DUSFCO
,DUSLGW,,DUS,LGW,DUSLGW
,EDIALC,,EDI,ALC,EDIALC
,EDIAMS,,EDI,AMS,EDIAMS
,EDIATH,,EDI,ATH,EDIATH
,EDIBFS,,EDI,BFS,EDIBFS
,EDIBRS,,EDI,BRS,EDIBRS
,EDIBSL,,EDI,BSL,EDIBSL
,EDICDG,,EDI,CDG,EDICDG
,EDIDLM,,EDI,DLM,EDIDLM
,EDIGVA,,EDI,GVA,EDIGVA
,EDIKRK,,EDI,KRK,EDIKRK
,EDILGW,,EDI,LGW,EDILGW
,EDILIS,,EDI,LIS,EDILIS
,EDILTN,,EDI,LTN,EDILTN
,EDILYS,,EDI,LYS,EDILYS
,EDIMAD,,EDI,MAD,EDIMAD
,EDIMUC,,EDI,MUC,EDIMUC
,EDIMXP,,EDI,MXP,EDIMXP
,EDINAP,,EDI,NAP,EDINAP
,EDINCE,,EDI,NCE,EDINCE
,EDIPFO,,EDI,PFO,EDIPFO
,EDIPMI,,EDI,PMI,EDIPMI
,EDISTN,,EDI,STN,EDISTN
,EDITFS,,EDI,TFS,EDITFS
,EFLLGW,,EFL,LGW,EFLLGW
,FAOBFS,,FAO,BFS,FAOBFS
,FAOBRS,,FAO,BRS,FAOBRS
,FAOGLA,,FAO,GLA,FAOGLA
,FAOGVA,,FAO,GVA,FAOGVA
,FAOLGW,,FAO,LGW,FAOLGW
,FAOLPL,,FAO,LPL,FAOLPL
,FAOLTN,,FAO,LTN,FAOLTN
,FAONCL,,FAO,NCL,FAONCL
,FAOORY,,FAO,ORY,FAOORY
,FAOSEN,,FAO,SEN,FAOSEN
,FCOAMS,,FCO,AMS,FCOAMS
,FCOATH,,FCO,ATH,FCOATH
,FCOBIO,,FCO,BIO,FCOBIO
,FCOBRS,,FCO,BRS,FCOBRS
,FCOBSL,,FCO,BSL,FCOBSL
,FCODUS,,FCO,DUS,FCODUS
,FCOGVA,,FCO,GVA,FCOGVA
,FCOLGW,,FCO,LGW,FCOLGW
,FCOLIS,,FCO,LIS,FCOLIS
,FCOLYS,,FCO,LYS,FCOLYS
,FCOMAD,,FCO,MAD,FCOMAD
,FCOMXP,,FCO,MXP,FCOMXP
,FCONCE,,FCO,NCE,FCONCE
,FCOORY,,FCO,ORY,FCOORY
,FCOPMO,,FCO,PMO,FCOPMO
,FCOSXF,,FCO,SXF,FCOSXF
,FCOTLS,,FCO,TLS,FCOTLS
,FCOVCE,,FCO,VCE,FCOVCE
,FEZCDG,,FEZ,CDG,FEZCDG
,FNCBRS,,FNC,BRS,FNCBRS
,FNCLGW,,FNC,LGW,FNCLGW
,FNCLIS,,FNC,LIS,FNCLIS
,FUEBRS,,FUE,BRS,FUEBRS
,FUEBSL,,FUE,BSL,FUEBSL
,FUELGW,,FUE,LGW,FUELGW
,FUELPL,,FUE,LPL,FUELPL
,GIBLGW,,GIB,LGW,GIBLGW
,GIBLPL,,GIB,LPL,GIBLPL
,GLAAGP,,GLA,AGP,GLAAGP
,GLAALC,,GLA,ALC,GLAALC
,GLAAMS,,GLA,AMS,GLAAMS
,GLABFS,,GLA,BFS,GLABFS
,GLABRS,,GLA,BRS,GLABRS
,GLACDG,,GLA,CDG,GLACDG
,GLAFAO,,GLA,FAO,GLAFAO
,GLAJER,,GLA,JER,GLAJER
,GLALGW,,GLA,LGW,GLALGW
,GLALTN,,GLA,LTN,GLALTN
,GLAPMI,,GLA,PMI,GLAPMI
,GLASTN,,GLA,STN,GLASTN
,GLASXF,,GLA,SXF,GLASXF
,GVAAGP,,GVA,AGP,GVAAGP
,GVAAJA,,GVA,AJA,GVAAJA
,GVAALC,,GVA,ALC,GVAALC
,GVAAMS,,GVA,AMS,GVAAMS
,GVAARN,,GVA,ARN,GVAARN
,GVAATH,,GVA,ATH,GVAATH
,GVABCN,,GVA,BCN,GVABCN
,GVABDS,,GVA,BDS,GVABDS
,GVABIA,,GVA,BIA,GVABIA
,GVABIO,,GVA,BIO,GVABIO
,GVABOD,,GVA,BOD,GVABOD
,GVABRS,,GVA,BRS,GVABRS
,GVABRU,,GVA,BRU,GVABRU
,GVABUD,,GVA,BUD,GVABUD
,GVACAG,,GVA,CAG,GVACAG
,GVACPH,,GVA,CPH,GVACPH
,GVACTA,,GVA,CTA,GVACTA
,GVADBV,,GVA,DBV,GVADBV
,GVAEDI,,GVA,EDI,GVAEDI
,GVAFAO,,GVA,FAO,GVAFAO
,GVAFCO,,GVA,FCO,GVAFCO
,GVAHER,,GVA,HER,GVAHER
,GVAHRG,,GVA,HRG,GVAHRG
,GVAIBZ,,GVA,IBZ,GVAIBZ
,GVALGW,,GVA,LGW,GVALGW
,GVALIS,,GVA,LIS,GVALIS
,GVALPL,,GVA,LPL,GVALPL
,GVALTN,,GVA,LTN,GVALTN
,GVAMAD,,GVA,MAD,GVAMAD
,GVAMAN,,GVA,MAN,GVAMAN
,GVANAP,,GVA,NAP,GVANAP
,GVANCE,,GVA,NCE,GVANCE
,GVANTE,,GVA,NTE,GVANTE
,GVAOLB,,GVA,OLB,GVAOLB
,GVAOPO,,GVA,OPO,GVAOPO
,GVAORY,,GVA,ORY,GVAORY
,GVAOVD,,GVA,OVD,GVAOVD
,GVAPMI,,GVA,PMI,GVAPMI
,GVAPRN,,GVA,PRN,GVAPRN
,GVARAK,,GVA,RAK,GVARAK
,GVASCQ,,GVA,SCQ,GVASCQ
,GVASPU,,GVA,SPU,GVASPU
,GVASSH,,GVA,SSH,GVASSH
,GVASXF,,GVA,SXF,GVASXF
,GVATLS,,GVA,TLS,GVATLS
,GVATLV,,GVA,TLV,GVATLV
,GVAVCE,,GVA,VCE,GVAVCE
,HAMBSL,,HAM,BSL,HAMBSL
,HAMLGW,,HAM,LGW,HAMLGW
,HAMLTN,,HAM,LTN,HAMLTN
,HAMMAN,,HAM,MAN,HAMMAN
,HERBRS,,HER,BRS,HERBRS
,HERGVA,,HER,GVA,HERGVA
,HERLGW,,HER,LGW,HERLGW
,HERLTN,,HER,LTN,HERLTN
,HERMAN,,HER,MAN,HERMAN
,HERMXP,,HER,MXP,HERMXP
,HERSXF,,HER,SXF,HERSXF
,HRGGVA,,HRG,GVA,HRGGVA
,HRGLGW,,HRG,LGW,HRGLGW
,IBZGVA,,IBZ,GVA,IBZGVA
,IBZSEN,,IBZ,SEN,IBZSEN
,IBZSTN,,IBZ,STN,IBZSTN
,INNLGW,,INN,LGW,INNLGW
,INVBRS,,INV,BRS,INVBRS
,INVLGW,,INV,LGW,INVLGW
,INVLTN,,INV,LTN,INVLTN
,IOMLGW,,IOM,LGW,IOMLGW
,IOMLPL,,IOM,LPL,IOMLPL
,JERGLA,,JER,GLA,JERGLA
,JERLPL,,JER,LPL,JERLPL
,JERSEN,,JER,SEN,JERSEN
,JMKLGW,,JMK,LGW,JMKLGW
,JTRLGW,,JTR,LGW,JTRLGW
,KEFLTN,,KEF,LTN,KEFLTN
,KGSLGW,,KGS,LGW,KGSLGW
,KRKBFS,,KRK,BFS,KRKBFS
,KRKBRS,,KRK,BRS,KRKBRS
,KRKCDG,,KRK,CDG,KRKCDG
,KRKEDI,,KRK,EDI,KRKEDI
,KRKLGW,,KRK,LGW,KRKLGW
,KRKLPL,,KRK,LPL,KRKLPL
,LCALGW,,LCA,LGW,LCALGW
,LCGMAD,,LCG,MAD,LCGMAD
,LEILGW,,LEI,LGW,LEILGW
,LGWABZ,,LGW,ABZ,LGWABZ
,LGWACE,,LGW,ACE,LGWACE
,LGWADB,,LGW,ADB,LGWADB
,LGWAGA,,LGW,AGA,LGWAGA
,LGWAGP,,LGW,AGP,LGWAGP
,LGWALC,,LGW,ALC,LGWALC
,LGWAMM,,LGW,AMM,LGWAMM
,LGWAMS,,LGW,AMS,LGWAMS
,LGWATH,,LGW,ATH,LGWATH
,LGWAYT,,LGW,AYT,LGWAYT
,LGWBCN,,LGW,BCN,LGWBCN
,LGWBFS,,LGW,BFS,LGWBFS
,LGWBJV,,LGW,BJV,LGWBJV
,LGWBLQ,,LGW,BLQ,LGWBLQ
,LGWBOD,,LGW,BOD,LGWBOD
,LGWBRI,,LGW,BRI,LGWBRI
,LGWBSL,,LGW,BSL,LGWBSL
,LGWBUD,,LGW,BUD,LGWBUD
,LGWCFU,,LGW,CFU,LGWCFU
,LGWCGN,,LGW,CGN,LGWCGN
,LGWCHQ,,LGW,CHQ,LGWCHQ
,LGWCPH,,LGW,CPH,LGWCPH
,LGWCTA,,LGW,CTA,LGWCTA
,LGWDBV,,LGW,DBV,LGWDBV
,LGWDLM,,LGW,DLM,LGWDLM
,LGWDUS,,LGW,DUS,LGWDUS
,LGWEDI,,LGW,EDI,LGWEDI
,LGWEFL,,LGW,EFL,LGWEFL
,LGWFAO,,LGW,FAO,LGWFAO
,LGWFCO,,LGW,FCO,LGWFCO
,LGWFNC,,LGW,FNC,LGWFNC
,LGWFUE,,LGW,FUE,LGWFUE
,LGWGIB,,LGW,GIB,LGWGIB
,LGWGLA,,LGW,GLA,LGWGLA
,LGWGVA,,LGW,GVA,LGWGVA
,LGWHAM,,LGW,HAM,LGWHAM
,LGWHER,,LGW,HER,LGWHER
,LGWHRG,,LGW,HRG,LGWHRG
,LGWINN,,LGW,INN,LGWINN
,LGWINV,,LGW,INV,LGWINV
,LGWIOM,,LGW,IOM,LGWIOM
,LGWJMK,,LGW,JMK,LGWJMK
,LGWJTR,,LGW,JTR,LGWJTR
,LGWKGS,,LGW,KGS,LGWKGS
,LGWKRK,,LGW,KRK,LGWKRK
,LGWLCA,,LGW,LCA,LGWLCA
,LGWLEI,,LGW,LEI,LGWLEI
,LGWLIN,,LGW,LIN,LGWLIN
,LGWLIS,,LGW,LIS,LGWLIS
,LGWLPA,,LGW,LPA,LGWLPA
,LGWLXR,,LGW,LXR,LGWLXR
,LGWLYS,,LGW,LYS,LGWLYS
,LGWMAD,,LGW,MAD,LGWMAD
,LGWMAH,,LGW,MAH,LGWMAH
,LGWMJV,,LGW,MJV,LGWMJV
,LGWMLA,,LGW,MLA,LGWMLA
,LGWMPL,,LGW,MPL,LGWMPL
,LGWMRS,,LGW,MRS,LGWMRS
,LGWMUC,,LGW,MUC,LGWMUC
,LGWMXP,,LGW,MXP,LGWMXP
,LGWNAP,,LGW,NAP,LGWNAP
,LGWNCE,,LGW,NCE,LGWNCE
,LGWOLB,,LGW,OLB,LGWOLB
,LGWOPO,,LGW,OPO,LGWOPO
,LGWPFO,,LGW,PFO,LGWPFO
,LGWPMI,,LGW,PMI,LGWPMI
,LGWPMO,,LGW,PMO,LGWPMO
,LGWPRG,,LGW,PRG,LGWPRG
,LGWPSA,,LGW,PSA,LGWPSA
,LGWRAK,,LGW,RAK,LGWRAK
,LGWRHO,,LGW,RHO,LGWRHO
,LGWSKG,,LGW,SKG,LGWSKG
,LGWSOF,,LGW,SOF,LGWSOF
,LGWSSH,,LGW,SSH,LGWSSH
,LGWSVQ,,LGW,SVQ,LGWSVQ
,LGWSXF,,LGW,SXF,LGWSXF
,LGWTFS,,LGW,TFS,LGWTFS
,LGWTLS,,LGW,TLS,LGWTLS
,LGWVCE,,LGW,VCE,LGWVCE
,LGWVIE,,LGW,VIE,LGWVIE
,LGWVLC,,LGW,VLC,LGWVLC
,LGWVRN,,LGW,VRN,LGWVRN
,LGWZAG,,LGW,ZAG,LGWZAG
,LGWZRH,,LGW,ZRH,LGWZRH
,LGWZTH,,LGW,ZTH,LGWZTH
,LILNCE,,LIL,NCE,LILNCE
,LILTLS,,LIL,TLS,LILTLS
,LINLGW,,LIN,LGW,LINLGW
,LINORY,,LIN,ORY,LINORY
,LISAMS,,LIS,AMS,LISAMS
,LISBCN,,LIS,BCN,LISBCN
,LISBOD,,LIS,BOD,LISBOD
,LISBRS,,LIS,BRS,LISBRS
,LISBSL,,LIS,BSL,LISBSL
,LISCDG,,LIS,CDG,LISCDG
,LISCPH,,LIS,CPH,LISCPH
,LISEDI,,LIS,EDI,LISEDI
,LISFCO,,LIS,FCO,LISFCO
,LISFNC,,LIS,FNC,LISFNC
,LISGVA,,LIS,GVA,LISGVA
,LISLGW,,LIS,LGW,LISLGW
,LISLPL,,LIS,LPL,LISLPL
,LISLTN,,LIS,LTN,LISLTN
,LISLYS,,LIS,LYS,LISLYS
,LISMAD,,LIS,MAD,LISMAD
,LISMXP,,LIS,MXP,LISMXP
,LISOVD,,LIS,OVD,LISOVD
,LISSXF,,LIS,SXF,LISSXF
,LISTLS,,LIS,TLS,LISTLS
,LISVCE,,LIS,VCE,LISVCE
,LJUSTN,,LJU,STN,LJUSTN
,LPABSL,,LPA,BSL,LPABSL
,LPALGW,,LPA,LGW,LPALGW
,LPLACE,,LPL,ACE,LPLACE
,LPLAGP,,LPL,AGP,LPLAGP
,LPLALC,,LPL,ALC,LPLALC
,LPLAMS,,LPL,AMS,LPLAMS
,LPLBCN,,LPL,BCN,LPLBCN
,LPLBFS,,LPL,BFS,LPLBFS
,LPLBJV,,LPL,BJV,LPLBJV
,LPLBRU,,LPL,BRU,LPLBRU
,LPLCDG,,LPL,CDG,LPLCDG
,LPLFAO,,LPL,FAO,LPLFAO
,LPLFUE,,LPL,FUE,LPLFUE
,LPLGIB,,LPL,GIB,LPLGIB
,LPLGVA,,LPL,GVA,LPLGVA
,LPLIOM,,LPL,IOM,LPLIOM
,LPLJER,,LPL,JER,LPLJER
,LPLKRK,,LPL,KRK,LPLKRK
,LPLLIS,,LPL,LIS,LPLLIS
,LPLMAD,,LPL,MAD,LPLMAD
,LPLMLA,,LPL,MLA,LPLMLA
,LPLNAP,,LPL,NAP,LPLNAP
,LPLNCE,,LPL,NCE,LPLNCE
,LPLPMI,,LPL,PMI,LPLPMI
,LPLRHO,,LPL,RHO,LPLRHO
,LPLSXF,,LPL,SXF,LPLSXF
,LPLTLL,,LPL,TLL,LPLTLL
,LTNABZ,,LTN,ABZ,LTNABZ
,LTNAGP,,LTN,AGP,LTNAGP
,LTNALC,,LTN,ALC,LTNALC
,LTNAMS,,LTN,AMS,LTNAMS
,LTNBCN,,LTN,BCN,LTNBCN
,LTNBFS,,LTN,BFS,LTNBFS
,LTNBOD,,LTN,BOD,LTNBOD
,LTNBUD,,LTN,BUD,LTNBUD
,LTNCDG,,LTN,CDG,LTNCDG
,LTNCFU,,LTN,CFU,LTNCFU
,LTNDTM,,LTN,DTM,LTNDTM
,LTNEDI,,LTN,EDI,LTNEDI
,LTNFAO,,LTN,FAO,LTNFAO
,LTNGLA,,LTN,GLA,LTNGLA
,LTNGVA,,LTN,GVA,LTNGVA
,LTNHAM,,LTN,HAM,LTNHAM
,LTNHER,,LTN,HER,LTNHER
,LTNINV,,LTN,INV,LTNINV
,LTNKEF,,LTN,KEF,LTNKEF
,LTNLIS,,LTN,LIS,LTNLIS
,LTNMAD,,LTN,MAD,LTNMAD
,LTNMPL,,LTN,MPL,LTNMPL
,LTNMXP,,LTN,MXP,LTNMXP
,LTNNCE,,LTN,NCE,LTNNCE
,LTNPFO,,LTN,PFO,LTNPFO
,LTNPMI,,LTN,PMI,LTNPMI
,LTNPSA,,LTN,PSA,LTNPSA
,LTNSAW,,LTN,SAW,LTNSAW
,LTNSSH,,LTN,SSH,LTNSSH
,LTNSXF,,LTN,SXF,LTNSXF
,LTNTLV,,LTN,TLV,LTNTLV
,LTNZRH,,LTN,ZRH,LTNZRH
,LXRLGW,,LXR,LGW,LXRLGW
,LYSAGA,,LYS,AGA,LYSAGA
,LYSAJA,,LYS,AJA,LYSAJA
,LYSBCN,,LYS,BCN,LYSBCN
,LYSBES,,LYS,BES,LYSBES
,LYSBIA,,LYS,BIA,LYSBIA
,LYSBOD,,LYS,BOD,LYSBOD
,LYSBRU,,LYS,BRU,LYSBRU
,LYSCMN,,LYS,CMN,LYSCMN
,LYSEDI,,LYS,EDI,LYSEDI
,LYSFCO,,LYS,FCO,LYSFCO
,LYSLGW,,LYS,LGW,LYSLGW
,LYSLIS,,LYS,LIS,LYSLIS
,LYSMAD,,LYS,MAD,LYSMAD
,LYSMXP,,LYS,MXP,LYSMXP
,LYSNCE,,LYS,NCE,LYSNCE
,LYSNTE,,LYS,NTE,LYSNTE
,LYSOPO,,LYS,OPO,LYSOPO
,LYSPRG,,LYS,PRG,LYSPRG
,LYSRAK,,LYS,RAK,LYSRAK
,LYSSTN,,LYS,STN,LYSSTN
,LYSSXF,,LYS,SXF,LYSSXF
,LYSTLS,,LYS,TLS,LYSTLS
,LYSVCE,,LYS,VCE,LYSVCE
,MADAMS,,MAD,AMS,MADAMS
,MADBIO,,MAD,BIO,MADBIO
,MADBOD,,MAD,BOD,MADBOD
,MADBRS,,MAD,BRS,MADBRS
,MADBSL,,MAD,BSL,MADBSL
,MADCDG,,MAD,CDG,MADCDG
,MADCPH,,MAD,CPH,MADCPH
,MADEDI,,MAD,EDI,MADEDI
,MADFCO,,MAD,FCO,MADFCO
,MADGVA,,MAD,GVA,MADGVA
,MADLCG,,MAD,LCG,MADLCG
,MADLGW,,MAD,LGW,MADLGW
,MADLIS,,MAD,LIS,MADLIS
,MADLPL,,MAD,LPL,MADLPL
,MADLTN,,MAD,LTN,MADLTN
,MADLYS,,MAD,LYS,MADLYS
,MADMXP,,MAD,MXP,MADMXP
,MADNAP,,MAD,NAP,MADNAP
,MADSXF,,MAD,SXF,MADSXF
,MADTLS,,MAD,TLS,MADTLS
,MADVCE,,MAD,VCE,MADVCE
,MAHLGW,,MAH,LGW,MAHLGW
,MANAGP,,MAN,AGP,MANAGP
,MANALC,,MAN,ALC,MANALC
,MANAMS,,MAN,AMS,MANAMS
,MANATH,,MAN,ATH,MANATH
,MANBFS,,MAN,BFS,MANBFS
,MANBIO,,MAN,BIO,MANBIO
,MANBSL,,MAN,BSL,MANBSL
,MANCFU,,MAN,CFU,MANCFU
,MANCPH,,MAN,CPH,MANCPH
,MANDLM,,MAN,DLM,MANDLM
,MANGVA,,MAN,GVA,MANGVA
,MANHAM,,MAN,HAM,MANHAM
,MANHER,,MAN,HER,MANHER
,MANMLA,,MAN,MLA,MANMLA
,MANMUC,,MAN,MUC,MANMUC
,MANPFO,,MAN,PFO,MANPFO
,MANPMI,,MAN,PMI,MANPMI
,MANRAK,,MAN,RAK,MANRAK
,MANSOF,,MAN,SOF,MANSOF
,MANSSH,,MAN,SSH,MANSSH
,MANSXF,,MAN,SXF,MANSXF
,MANTFS,,MAN,TFS,MANTFS
,MJVBRS,,MJV,BRS,MJVBRS
,MJVLGW,,MJV,LGW,MJVLGW
,MLABFS,,MLA,BFS,MLABFS
,MLALGW,,MLA,LGW,MLALGW
,MLALPL,,MLA,LPL,MLALPL
,MLAMAN,,MLA,MAN,MLAMAN
,MLANCL,,MLA,NCL,MLANCL
,MPLLGW,,MPL,LGW,MPLLGW
,MPLLTN,,MPL,LTN,MPLLTN
,MRSLGW,,MRS,LGW,MRSLGW
,MUCEDI,,MUC,EDI,MUCEDI
,MUCLGW,,MUC,LGW,MUCLGW
,MUCMAN,,MUC,MAN,MUCMAN
,MUCSTN,,MUC,STN,MUCSTN
,MXPAGP,,MXP,AGP,MXPAGP
,MXPAHO,,MXP,AHO,MXPAHO
,MXPAMS,,MXP,AMS,MXPAMS
,MXPATH,,MXP,ATH,MXPATH
,MXPBCN,,MXP,BCN,MXPBCN
,MXPBDS,,MXP,BDS,MXPBDS
,MXPBOD,,MXP,BOD,MXPBOD
,MXPBRI,,MXP,BRI,MXPBRI
,MXPBRU,,MXP,BRU,MXPBRU
,MXPCAG,,MXP,CAG,MXPCAG
,MXPCDG,,MXP,CDG,MXPCDG
,MXPCMN,,MXP,CMN,MXPCMN
,MXPCPH,,MXP,CPH,MXPCPH
,MXPCTA,,MXP,CTA,MXPCTA
,MXPEDI,,MXP,EDI,MXPEDI
,MXPFCO,,MXP,FCO,MXPFCO
,MXPHER,,MXP,HER,MXPHER
,MXPLGW,,MXP,LGW,MXPLGW
,MXPLIS,,MXP,LIS,MXPLIS
,MXPLTN,,MXP,LTN,MXPLTN
,MXPLYS,,MXP,LYS,MXPLYS
,MXPMAD,,MXP,MAD,MXPMAD
,MXPNAP,,MXP,NAP,MXPNAP
,MXPOLB,,MXP,OLB,MXPOLB
,MXPOPO,,MXP,OPO,MXPOPO
,MXPPMI,,MXP,PMI,MXPPMI
,MXPPMO,,MXP,PMO,MXPPMO
,MXPPRG,,MXP,PRG,MXPPRG
,MXPRAK,,MXP,RAK,MXPRAK
,MXPSKG,,MXP,SKG,MXPSKG
,MXPSUF,,MXP,SUF,MXPSUF
,MXPSXF,,MXP,SXF,MXPSXF
,MXPTLS,,MXP,TLS,MXPTLS
,NAPBRS,,NAP,BRS,NAPBRS
,NAPBSL,,NAP,BSL,NAPBSL
,NAPEDI,,NAP,EDI,NAPEDI
,NAPGVA,,NAP,GVA,NAPGVA
,NAPLGW,,NAP,LGW,NAPLGW
,NAPLPL,,NAP,LPL,NAPLPL
,NAPMAD,,NAP,MAD,NAPMAD
,NAPMXP,,NAP,MXP,NAPMXP
,NAPNCE,,NAP,NCE,NAPNCE
,NAPORY,,NAP,ORY,NAPORY
,NAPSTN,,NAP,STN,NAPSTN
,NAPSXF,,NAP,SXF,NAPSXF
,NAPVCE,,NAP,VCE,NAPVCE
,NCEBCN,,NCE,BCN,NCEBCN
,NCEBOD,,NCE,BOD,NCEBOD
,NCEBRS,,NCE,BRS,NCEBRS
,NCEBRU,,NCE,BRU,NCEBRU
,NCEBSL,,NCE,BSL,NCEBSL
,NCECDG,,NCE,CDG,NCECDG
,NCEEDI,,NCE,EDI,NCEEDI
,NCEFCO,,NCE,FCO,NCEFCO
,NCEGVA,,NCE,GVA,NCEGVA
,NCELGW,,NCE,LGW,NCELGW
,NCELIL,,NCE,LIL,NCELIL
,NCELPL,,NCE,LPL,NCELPL
,NCELTN,,NCE,LTN,NCELTN
,NCELYS,,NCE,LYS,NCELYS
,NCENAP,,NCE,NAP,NCENAP
,NCENCL,,NCE,NCL,NCENCL
,NCENTE,,NCE,NTE,NCENTE
,NCEORY,,NCE,ORY,NCEORY
,NCESTN,,NCE,STN,NCESTN
,NCESXF,,NCE,SXF,NCESXF
,NCETLS,,NCE,TLS,NCETLS
,NCEVCE,,NCE,VCE,NCEVCE
,NCLAGP,,NCL,AGP,NCLAGP
,NCLALC,,NCL,ALC,NCLALC
,NCLBCN,,NCL,BCN,NCLBCN
,NCLBFS,,NCL,BFS,NCLBFS
,NCLBRS,,NCL,BRS,NCLBRS
,NCLCDG,,NCL,CDG,NCLCDG
,NCLFAO,,NCL,FAO,NCLFAO
,NCLMLA,,NCL,MLA,NCLMLA
,NCLNCE,,NCL,NCE,NCLNCE
,NCLPMI,,NCL,PMI,NCLPMI
,NTEBSL,,NTE,BSL,NTEBSL
,NTEGVA,,NTE,GVA,NTEGVA
,NTELYS,,NTE,LYS,NTELYS
,NTENCE,,NTE,NCE,NTENCE
,NTETLS,,NTE,TLS,NTETLS
,OLBBSL,,OLB,BSL,OLBBSL
,OLBGVA,,OLB,GVA,OLBGVA
,OLBLGW,,OLB,LGW,OLBLGW
,OLBMXP,,OLB,MXP,OLBMXP
,OLBSXF,,OLB,SXF,OLBSXF
,OPOBSL,,OPO,BSL,OPOBSL
,OPOCDG,,OPO,CDG,OPOCDG
,OPOGVA,,OPO,GVA,OPOGVA
,OPOLGW,,OPO,LGW,OPOLGW
,OPOLYS,,OPO,LYS,OPOLYS
,OPOMXP,,OPO,MXP,OPOMXP
,OPOTLS,,OPO,TLS,OPOTLS
,ORYATH,,ORY,ATH,ORYATH
,ORYFAO,,ORY,FAO,ORYFAO
,ORYFCO,,ORY,FCO,ORYFCO
,ORYGVA,,ORY,GVA,ORYGVA
,ORYLIN,,ORY,LIN,ORYLIN
,ORYNAP,,ORY,NAP,ORYNAP
,ORYNCE,,ORY,NCE,ORYNCE
,ORYPSA,,ORY,PSA,ORYPSA
,ORYSXF,,ORY,SXF,ORYSXF
,ORYTLS,,ORY,TLS,ORYTLS
,ORYVCE,,ORY,VCE,ORYVCE
,OVDGVA,,OVD,GVA,OVDGVA
,OVDLIS,,OVD,LIS,OVDLIS
,OVDSTN,,OVD,STN,OVDSTN
,PFOBRS,,PFO,BRS,PFOBRS
,PFOEDI,,PFO,EDI,PFOEDI
,PFOLGW,,PFO,LGW,PFOLGW
,PFOLTN,,PFO,LTN,PFOLTN
,PFOMAN,,PFO,MAN,PFOMAN
,PMIBFS,,PMI,BFS,PMIBFS
,PMIBRS,,PMI,BRS,PMIBRS
,PMIBSL,,PMI,BSL,PMIBSL
,PMIDTM,,PMI,DTM,PMIDTM
,PMIEDI,,PMI,EDI,PMIEDI
,PMIGLA,,PMI,GLA,PMIGLA
,PMIGVA,,PMI,GVA,PMIGVA
,PMILGW,,PMI,LGW,PMILGW
,PMILPL,,PMI,LPL,PMILPL
,PMILTN,,PMI,LTN,PMILTN
,PMIMAN,,PMI,MAN,PMIMAN
,PMIMXP,,PMI,MXP,PMIMXP
,PMINCL,,PMI,NCL,PMINCL
,PMISEN,,PMI,SEN,PMISEN
,PMISTN,,PMI,STN,PMISTN
,PMISXF,,PMI,SXF,PMISXF
,PMOFCO,,PMO,FCO,PMOFCO
,PMOLGW,,PMO,LGW,PMOLGW
,PMOMXP,,PMO,MXP,PMOMXP
,PRGAMS,,PRG,AMS,PRGAMS
,PRGBRS,,PRG,BRS,PRGBRS
,PRGCDG,,PRG,CDG,PRGCDG
,PRGLGW,,PRG,LGW,PRGLGW
,PRGLYS,,PRG,LYS,PRGLYS
,PRGMXP,,PRG,MXP,PRGMXP
,PRGSTN,,PRG,STN,PRGSTN
,PRNBSL,,PRN,BSL,PRNBSL
,PRNGVA,,PRN,GVA,PRNGVA
,PSABRS,,PSA,BRS,PSABRS
,PSALGW,,PSA,LGW,PSALGW
,PSALTN,,PSA,LTN,PSALTN
,PSAORY,,PSA,ORY,PSAORY
,PSASXF,,PSA,SXF,PSASXF
,RAKBSL,,RAK,BSL,RAKBSL
,RAKCDG,,RAK,CDG,RAKCDG
,RAKGVA,,RAK,GVA,RAKGVA
,RAKLGW,,RAK,LGW,RAKLGW
,RAKLYS,,RAK,LYS,RAKLYS
,RAKMAN,,RAK,MAN,RAKMAN
,RAKMXP,,RAK,MXP,RAKMXP
,RHOLGW,,RHO,LGW,RHOLGW
,RHOLPL,,RHO,LPL,RHOLPL
,SAWBSL,,SAW,BSL,SAWBSL
,SAWLTN,,SAW,LTN,SAWLTN
,SCQGVA,,SCQ,GVA,SCQGVA
,SENAGP,,SEN,AGP,SENAGP
,SENALC,,SEN,ALC,SENALC
,SENAMS,,SEN,AMS,SENAMS
,SENBCN,,SEN,BCN,SENBCN
,SENBFS,,SEN,BFS,SENBFS
,SENFAO,,SEN,FAO,SENFAO
,SENIBZ,,SEN,IBZ,SENIBZ
,SENJER,,SEN,JER,SENJER
,SENPMI,,SEN,PMI,SENPMI
,SKGBSL,,SKG,BSL,SKGBSL
,SKGDTM,,SKG,DTM,SKGDTM
,SKGLGW,,SKG,LGW,SKGLGW
,SKGMXP,,SKG,MXP,SKGMXP
,SKGSXF,,SKG,SXF,SKGSXF
,SOFLGW,,SOF,LGW,SOFLGW
,SOFMAN,,SOF,MAN,SOFMAN
,SPUGVA,,SPU,GVA,SPUGVA
,SSHGVA,,SSH,GVA,SSHGVA
,SSHLGW,,SSH,LGW,SSHLGW
,SSHLTN,,SSH,LTN,SSHLTN
,SSHMAN,,SSH,MAN,SSHMAN
,STNAGP,,STN,AGP,STNAGP
,STNALC,,STN,ALC,STNALC
,STNAMS,,STN,AMS,STNAMS
,STNBCN,,STN,BCN,STNBCN
,STNBFS,,STN,BFS,STNBFS
,STNBIO,,STN,BIO,STNBIO
,STNBJV,,STN,BJV,STNBJV
,STNCAG,,STN,CAG,STNCAG
,STNCPH,,STN,CPH,STNCPH
,STNDBV,,STN,DBV,STNDBV
,STNDLM,,STN,DLM,STNDLM
,STNEDI,,STN,EDI,STNEDI
,STNGLA,,STN,GLA,STNGLA
,STNIBZ,,STN,IBZ,STNIBZ
,STNLJU,,STN,LJU,STNLJU
,STNLYS,,STN,LYS,STNLYS
,STNMUC,,STN,MUC,STNMUC
,STNNAP,,STN,NAP,STNNAP
,STNNCE,,STN,NCE,STNNCE
,STNOVD,,STN,OVD,STNOVD
,STNPMI,,STN,PMI,STNPMI
,STNPRG,,STN,PRG,STNPRG
,STNTLL,,STN,TLL,STNTLL
,SUFMXP,,SUF,MXP,SUFMXP
,SVQLGW,,SVQ,LGW,SVQLGW
,SXFAGA,,SXF,AGA,SXFAGA
,SXFAGP,,SXF,AGP,SXFAGP
,SXFAMS,,SXF,AMS,SXFAMS
,SXFATH,,SXF,ATH,SXFATH
,SXFBCN,,SXF,BCN,SXFBCN
,SXFBRS,,SXF,BRS,SXFBRS
,SXFBRU,,SXF,BRU,SXFBRU
,SXFBSL,,SXF,BSL,SXFBSL
,SXFBUD,,SXF,BUD,SXFBUD
,SXFCAG,,SXF,CAG,SXFCAG
,SXFCPH,,SXF,CPH,SXFCPH
,SXFFCO,,SXF,FCO,SXFFCO
,SXFGLA,,SXF,GLA,SXFGLA
,SXFGVA,,SXF,GVA,SXFGVA
,SXFHER,,SXF,HER,SXFHER
,SXFLGW,,SXF,LGW,SXFLGW
,SXFLIS,,SXF,LIS,SXFLIS
,SXFLPL,,SXF,LPL,SXFLPL
,SXFLTN,,SXF,LTN,SXFLTN
,SXFLYS,,SXF,LYS,SXFLYS
,SXFMAD,,SXF,MAD,SXFMAD
,SXFMAN,,SXF,MAN,SXFMAN
,SXFMXP,,SXF,MXP,SXFMXP
,SXFNAP,,SXF,NAP,SXFNAP
,SXFNCE,,SXF,NCE,SXFNCE
,SXFOLB,,SXF,OLB,SXFOLB
,SXFORY,,SXF,ORY,SXFORY
,SXFPMI,,SXF,PMI,SXFPMI
,SXFPSA,,SXF,PSA,SXFPSA
,SXFSKG,,SXF,SKG,SXFSKG
,SXFTFS,,SXF,TFS,SXFTFS
,SXFVCE,,SXF,VCE,SXFVCE
,TFSBRS,,TFS,BRS,TFSBRS
,TFSBSL,,TFS,BSL,TFSBSL
,TFSEDI,,TFS,EDI,TFSEDI
,TFSLGW,,TFS,LGW,TFSLGW
,TFSMAN,,TFS,MAN,TFSMAN
,TFSSXF,,TFS,SXF,TFSSXF
,TLLLPL,,TLL,LPL,TLLLPL
,TLLSTN,,TLL,STN,TLLSTN
,TLSBRS,,TLS,BRS,TLSBRS
,TLSBRU,,TLS,BRU,TLSBRU
,TLSBSL,,TLS,BSL,TLSBSL
,TLSCDG,,TLS,CDG,TLSCDG
,TLSFCO,,TLS,FCO,TLSFCO
,TLSGVA,,TLS,GVA,TLSGVA
,TLSLGW,,TLS,LGW,TLSLGW
,TLSLIL,,TLS,LIL,TLSLIL
,TLSLIS,,TLS,LIS,TLSLIS
,TLSLYS,,TLS,LYS,TLSLYS
,TLSMAD,,TLS,MAD,TLSMAD
,TLSMXP,,TLS,MXP,TLSMXP
,TLSNCE,,TLS,NCE,TLSNCE
,TLSNTE,,TLS,NTE,TLSNTE
,TLSOPO,,TLS,OPO,TLSOPO
,TLSORY,,TLS,ORY,TLSORY
,TLSVCE,,TLS,VCE,TLSVCE
,TLVBSL,,TLV,BSL,TLVBSL
,TLVGVA,,TLV,GVA,TLVGVA
,TLVLTN,,TLV,LTN,TLVLTN
,TNGCDG,,TNG,CDG,TNGCDG
,VCEBSL,,VCE,BSL,VCEBSL
,VCECDG,,VCE,CDG,VCECDG
,VCEFCO,,VCE,FCO,VCEFCO
,VCEGVA,,VCE,GVA,VCEGVA
,VCELGW,,VCE,LGW,VCELGW
,VCELIS,,VCE,LIS,VCELIS
,VCELYS,,VCE,LYS,VCELYS
,VCEMAD,,VCE,MAD,VCEMAD
,VCENAP,,VCE,NAP,VCENAP
,VCENCE,,VCE,NCE,VCENCE
,VCEORY,,VCE,ORY,VCEORY
,VCESXF,,VCE,SXF,VCESXF
,VCETLS,,VCE,TLS,VCETLS
,VIELGW,,VIE,LGW,VIELGW
,VLCLGW,,VLC,LGW,VLCLGW
,VRNCDG,,VRN,CDG,VRNCDG
,VRNLGW,,VRN,LGW,VRNLGW
,ZAGLGW,,ZAG,LGW,ZAGLGW
,ZRHLGW,,ZRH,LGW,ZRHLGW
,ZRHLTN,,ZRH,LTN,ZRHLTN
,ZTHLGW,,ZTH,LGW,ZTHLGW
,BODBRU,,BOD,BRU,BODBRU
,LTNVIE,,LTN,VIE,LTNVIE
,FCOLTN,,FCO,LTN,FCOLTN
,ORYPMO,,ORY,PMO,ORYPMO
,AMSHAM,,AMS,HAM,AMSHAM
,AMSLIN,,AMS,LIN,AMSLIN
,CFUMXP,,CFU,MXP,CFUMXP
,MXPLIL,,MXP,LIL,MXPLIL
,MXPHAM,,MXP,HAM,MXPHAM
,BRUBOD,,BRU,BOD,BRUBOD
,CDGSEN,,CDG,SEN,CDGSEN
,LINAMS,,LIN,AMS,LINAMS
,LTNMUC,,LTN,MUC,LTNMUC
,LISLUX,,LIS,LUX,LISLUX
,VIELTN,,VIE,LTN,VIELTN
,BRSBSL,,BRS,BSL,BRSBSL
,OPOFNC,,OPO,FNC,OPOFNC
,NCLGVA,,NCL,GVA,NCLGVA
,KRKHAM,,KRK,HAM,KRKHAM
,ORYHAM,,ORY,HAM,ORYHAM
,BDSBSL,,BDS,BSL,BDSBSL
,STROPO,,STR,OPO,STROPO
,BRUBSL,,BRU,BSL,BRUBSL
,LISNTE,,LIS,NTE,LISNTE
,LGWTLL,,LGW,TLL,LGWTLL
,CTABRS,,CTA,BRS,CTABRS
,FNCMAN,,FNC,MAN,FNCMAN
,LTNNAP,,LTN,NAP,LTNNAP
,BSLBDS,,BSL,BDS,BSLBDS
,SZGHAM,,SZG,HAM,SZGHAM
,NAPVIE,,NAP,VIE,NAPVIE
,MXPJMK,,MXP,JMK,MXPJMK
,LRHLGW,,LRH,LGW,LRHLGW
,CTABSL,,CTA,BSL,CTABSL
,NAPCDG,,NAP,CDG,NAPCDG
,JMKMXP,,JMK,MXP,JMKMXP
,CDGMAN,,CDG,MAN,CDGMAN
,MAHMXP,,MAH,MXP,MAHMXP
,FCOHAM,,FCO,HAM,FCOHAM
,BSLSCQ,,BSL,SCQ,BSLSCQ
,HAMSZG,,HAM,SZG,HAMSZG
,SPUMXP,,SPU,MXP,SPUMXP
,AMSNCE,,AMS,NCE,AMSNCE
,PRGNAP,,PRG,NAP,PRGNAP
,HAMORY,,HAM,ORY,HAMORY
,LTNCPH,,LTN,CPH,LTNCPH
,CTASXF,,CTA,SXF,CTASXF
,MPLBSL,,MPL,BSL,MPLBSL
,LGWCDG,,LGW,CDG,LGWCDG
,MXPLUX,,MXP,LUX,MXPLUX
,STREDI,,STR,EDI,STREDI
,IOMBRS,,IOM,BRS,IOMBRS
,LILGVA,,LIL,GVA,LILGVA
,BIQLGW,,BIQ,LGW,BIQLGW
,SXFSPU,,SXF,SPU,SXFSPU
,VCEAMS,,VCE,AMS,VCEAMS
,GVAHAM,,GVA,HAM,GVAHAM
,LGWLRH,,LGW,LRH,LGWLRH
,MANFNC,,MAN,FNC,MANFNC
,MXPJTR,,MXP,JTR,MXPJTR
,CDGLGW,,CDG,LGW,CDGLGW
,LGWNTE,,LGW,NTE,LGWNTE
,BRSVIE,,BRS,VIE,BRSVIE
,BRSIOM,,BRS,IOM,BRSIOM
,IBZMXP,,IBZ,MXP,IBZMXP
,BSLMPL,,BSL,MPL,BSLMPL
,JERLGW,,JER,LGW,JERLGW
,MANSKG,,MAN,SKG,MANSKG
,MUCLTN,,MUC,LTN,MUCLTN
,VIEAMS,,VIE,AMS,VIEAMS
,AMSTLS,,AMS,TLS,AMSTLS
,BSLKRK,,BSL,KRK,BSLKRK
,NCEAMS,,NCE,AMS,NCEAMS
,CDGLIN,,CDG,LIN,CDGLIN
,LUXLIS,,LUX,LIS,LUXLIS
,MXPBIO,,MXP,BIO,MXPBIO
,OPONTE,,OPO,NTE,OPONTE
,HAMFCO,,HAM,FCO,HAMFCO
,LTNIBZ,,LTN,IBZ,LTNIBZ
,CPHLTN,,CPH,LTN,CPHLTN
,AMSNAP,,AMS,NAP,AMSNAP
,SKGHAM,,SKG,HAM,SKGHAM
,BHXBFS,,BHX,BFS,BHXBFS
,LPLMAH,,LPL,MAH,LPLMAH
,LTNBSL,,LTN,BSL,LTNBSL
,VIEGVA,,VIE,GVA,VIEGVA
,EDIVCE,,EDI,VCE,EDIVCE
,NAPCTA,,NAP,CTA,NAPCTA
,BSLBUD,,BSL,BUD,BSLBUD
,NTELIS,,NTE,LIS,NTELIS
,MXPSPU,,MXP,SPU,MXPSPU
,LYSLTN,,LYS,LTN,LYSLTN
,BRSVCE,,BRS,VCE,BRSVCE
,PMOORY,,PMO,ORY,PMOORY
,TLLLGW,,TLL,LGW,TLLLGW
,NTELGW,,NTE,LGW,NTELGW
,NAPAMS,,NAP,AMS,NAPAMS
,BSLBRS,,BSL,BRS,BSLBRS
,BSLBRU,,BSL,BRU,BSLBRU
,MXPMAH,,MXP,MAH,MXPMAH
,HAMSKG,,HAM,SKG,HAMSKG
,KRKBSL,,KRK,BSL,KRKBSL
,MXPMAN,,MXP,MAN,MXPMAN
,LGWJER,,LGW,JER,LGWJER
,AMSVCE,,AMS,VCE,AMSVCE
,PSABSL,,PSA,BSL,PSABSL
,MXPSTR,,MXP,STR,MXPSTR
,AMSVIE,,AMS,VIE,AMSVIE
,VCEEDI,,VCE,EDI,VCEEDI
,LTNVCE,,LTN,VCE,LTNVCE
,JERLTN,,JER,LTN,JERLTN
,EDISTR,,EDI,STR,EDISTR
,SPUSXF,,SPU,SXF,SPUSXF
,SENCDG,,SEN,CDG,SENCDG
,SCQLGW,,SCQ,LGW,SCQLGW
,GVABEG,,GVA,BEG,GVABEG
,SKGMAN,,SKG,MAN,SKGMAN
,MANPRG,,MAN,PRG,MANPRG
,LGWSPU,,LGW,SPU,LGWSPU
,HAMAMS,,HAM,AMS,HAMAMS
,EDICPH,,EDI,CPH,EDICPH
,EFLMAN,,EFL,MAN,EFLMAN
,BRSCTA,,BRS,CTA,BRSCTA
,MXPIBZ,,MXP,IBZ,MXPIBZ
,PRGBSL,,PRG,BSL,PRGBSL
,BODLIL,,BOD,LIL,BODLIL
,IBZLGW,,IBZ,LGW,IBZLGW
,HAMPMI,,HAM,PMI,HAMPMI
,ATHHAM,,ATH,HAM,ATHHAM
,LTNLYS,,LTN,LYS,LTNLYS
,BSLCTA,,BSL,CTA,BSLCTA
,HAMGVA,,HAM,GVA,HAMGVA
,NAPPRG,,NAP,PRG,NAPPRG
,MANAYT,,MAN,AYT,MANAYT
,CTALTN,,CTA,LTN,CTALTN
,GVANCL,,GVA,NCL,GVANCL
,STRLGW,,STR,LGW,STRLGW
,LGWBIQ,,LGW,BIQ,LGWBIQ
,CDGNAP,,CDG,NAP,CDGNAP
,MAHLTN,,MAH,LTN,MAHLTN
,LILBOD,,LIL,BOD,LILBOD
,MXPMUC,,MXP,MUC,MXPMUC
,HAMATH,,HAM,ATH,HAMATH
,VIENAP,,VIE,NAP,VIENAP
,HAMPSA,,HAM,PSA,HAMPSA
,TLSAMS,,TLS,AMS,TLSAMS
,BFSBHX,,BFS,BHX,BFSBHX
,SXFCTA,,SXF,CTA,SXFCTA
,VCEBRS,,VCE,BRS,VCEBRS
,LUXLGW,,LUX,LGW,LUXLGW
,SZGSXF,,SZG,SXF,SZGSXF
,NAPLTN,,NAP,LTN,NAPLTN
,LGWSCQ,,LGW,SCQ,LGWSCQ
,BRUNAP,,BRU,NAP,BRUNAP
,MAHSEN,,MAH,SEN,MAHSEN
,IBZLTN,,IBZ,LTN,IBZLTN
,BODAMS,,BOD,AMS,BODAMS
,JTRMXP,,JTR,MXP,JTRMXP
,PRGMAN,,PRG,MAN,PRGMAN
,LTNMAH,,LTN,MAH,LTNMAH
,AMSSPU,,AMS,SPU,AMSSPU
,AMSBOD,,AMS,BOD,AMSBOD
,PMIHAM,,PMI,HAM,PMIHAM
,LGWLUX,,LGW,LUX,LGWLUX
,GVALIL,,GVA,LIL,GVALIL
,HAMEDI,,HAM,EDI,HAMEDI
,SXFSZG,,SXF,SZG,SXFSZG
,LTNCTA,,LTN,CTA,LTNCTA
,CTANAP,,CTA,NAP,CTANAP
,PSAHAM,,PSA,HAM,PSAHAM
,LINCDG,,LIN,CDG,LINCDG
,VIEBRS,,VIE,BRS,VIEBRS
,STRMXP,,STR,MXP,STRMXP
,HAMKRK,,HAM,KRK,HAMKRK
,MXPCFU,,MXP,CFU,MXPCFU
,LTNJER,,LTN,JER,LTNJER
,MAHLPL,,MAH,LPL,MAHLPL
,BSLLTN,,BSL,LTN,BSLLTN
,VCEHAM,,VCE,HAM,VCEHAM
,MUCMXP,,MUC,MXP,MUCMXP
,BEGGVA,,BEG,GVA,BEGGVA
,HAMVCE,,HAM,VCE,HAMVCE
,BIOMXP,,BIO,MXP,BIOMXP
,SENMAH,,SEN,MAH,SENMAH
,LILMXP,,LIL,MXP,LILMXP
,CPHEDI,,CPH,EDI,CPHEDI
,SCQBSL,,SCQ,BSL,SCQBSL
,VCELTN,,VCE,LTN,VCELTN
,EDIPRG,,EDI,PRG,EDIPRG
,LUXMXP,,LUX,MXP,LUXMXP
,EDIHAM,,EDI,HAM,EDIHAM
,NTEOPO,,NTE,OPO,NTEOPO
,NAPBRU,,NAP,BRU,NAPBRU
,SPUAMS,,SPU,AMS,SPUAMS
,BUDBSL,,BUD,BSL,BUDBSL
,SXFVIE,,SXF,VIE,SXFVIE
,MANEFL,,MAN,EFL,MANEFL
,LGWIBZ,,LGW,IBZ,LGWIBZ
,AYTMAN,,AYT,MAN,AYTMAN
,KEFLGW,,KEF,LGW,KEFLGW
,GVAVIE,,GVA,VIE,GVAVIE
,HAMMXP,,HAM,MXP,HAMMXP
,MANCDG,,MAN,CDG,MANCDG
,LGWSTR,,LGW,STR,LGWSTR
,SPULGW,,SPU,LGW,SPULGW
,MANMXP,,MAN,MXP,MANMXP
,OPOSTR,,OPO,STR,OPOSTR
,VIESXF,,VIE,SXF,VIESXF
,LGWKEF,,LGW,KEF,LGWKEF
,PRGEDI,,PRG,EDI,PRGEDI
,LTNFCO,,LTN,FCO,LTNFCO
,BSLPRG,,BSL,PRG,BSLPRG
,FNCOPO,,FNC,OPO,FNCOPO
,BSLPSA,,BSL,PSA,BSLPSA
,HKTCDG,,HKT,CDG,HKTCDG
,CDGHKT,,CDG,HKT,CDGHKT
,LTNHKT,,LTN,HKT,LTNHKT
,HKTLTN,,HKT,LTN,HKTLTN
,GOICDG,,GOI,CDG,GOICDG
,CDGGOI,,CDG,GOI,CDGGOI
,LTNGOI,,LTN,GOI,LTNGOI
,GOILTN,,GOI,LTN,GOILTN
,MIACDG,,MIA,CDG,MIACDG
,CDGMIA,,CDG,MIA,CDGMIA
,LTNMIA,,LTN,MIA,LTNMIA
,MIALTN,,MIA,LTN,MIALTN
,NAPCDG,,NAP,CDG,NAPCDG
,CDGNAP,,CDG,NAP,CDGNAP
,LTNNAP,,LTN,NAP,LTNNAP
,NAPLTN,,NAP,LTN,NAPLTN
,FLRCDG,,FLR,CDG,FLRCDG
,CDGFLR,,CDG,FLR,CDGFLR
,LTNFLR,,LTN,FLR,LTNFLR
,FLRLTN,,FLR,LTN,FLRLTN
,FCOCDG,,FCO,CDG,FCOCDG
,CDGFCO,,CDG,FCO,CDGFCO
,BKKCDG,,BKK,CDG,BKKCDG
,CDGBKK,,CDG,BKK,CDGBKK
,LTNBKK,,LTN,BKK,LTNBKK
,BKKLTN,,BKK,LTN,BKKLTN
,KULCDG,,KUL,CDG,KULCDG
,CDGKUL,,CDG,KUL,CDGKUL
,LTNKUL,,LTN,KUL,LTNKUL
,KULLTN,,KUL,LTN,KULLTN
,PRGCDG,,PRG,CDG,PRGCDG
,CDGPRG,,CDG,PRG,CDGPRG
,LTNPRG,,LTN,PRG,LTNPRG
,PRGLTN,,PRG,LTN,PRGLTN
,KEFCDG,,KEF,CDG,KEFCDG
,CDGKEF,,CDG,KEF,CDGKEF
,LTNKEF,,LTN,KEF,LTNKEF
,KEFLTN,,KEF,LTN,KEFLTN
,ICNCDG,,ICN,CDG,ICNCDG
,CDGICN,,CDG,ICN,CDGICN
,LTNICN,,LTN,ICN,LTNICN
,ICNLTN,,ICN,LTN,ICNLTN

